Straßenname,Ortsname,lat,lon,adresse
Kaufbacher Weg,Kaufbach (Wilsdruff),51.0513781,13.570704,"Kaufbach, Wilsdruff, Sächsische Schweiz-Osterzgebirge, Sachsen, 01723, Deutschland"
Hühndorfer Weg,Hühndorf (Klipphausen),51.0686605,13.5698707,"Hühndorf, Klipphausen, Meißen, Sachsen, Deutschland"
Weistropper Weg,Weistropp (Klipphausen),51.0863503,13.585671,"Weistropp, Klipphausen, Meißen, Sachsen, 01640, Deutschland"
Unkersdorfer Landstraße,Unkersdorf,51.0564054,13.5915327,"Unkersdorf, Gompitz, Dresden, Sachsen, 01156, Deutschland"
Weistropper Straße (CB),Weistropp (Klipphausen),51.0863503,13.585671,"Weistropp, Klipphausen, Meißen, Sachsen, 01640, Deutschland"
Steinbacher Grundstraße,Steinbach (Dresden),51.0437651,13.6028003,"Steinbach, Gompitz, Dresden, Sachsen, 01156, Deutschland"
Oberwarthaer Straße,Oberwartha,51.0816091,13.6047327,"Oberwartha, Dresden, Sachsen, Deutschland"
Niederwarthaer Brücke,Niederwartha,51.090646,13.6064712,"Niederwartha, Cossebaude, Dresden, Sachsen, 01156, Deutschland"
Wurgwitzer Landstraße,Wurgwitz,51.0255828,13.6276404,"Wurgwitz, Freital, Sächsische Schweiz-Osterzgebirge, Sachsen, 01705, Deutschland"
Grunaweg,Gruna (Dresden),51.0332929,13.7864783,"Gruna, Blasewitz, Dresden, Sachsen, Deutschland"
Unkersdorfer Weg,Unkersdorf,51.0564054,13.5915327,"Unkersdorf, Gompitz, Dresden, Sachsen, 01156, Deutschland"
Roitzscher Dorfstraße,Roitzsch,51.0539154,13.6092978,"Roitzsch, Gompitz, Dresden, Sachsen, 01156, Deutschland"
Roitzscher Landstraße,Roitzsch,51.0539154,13.6092978,"Roitzsch, Gompitz, Dresden, Sachsen, 01156, Deutschland"
Zöllmener Landstraße,Zöllmen,51.0430199,13.6109099,"Zöllmen, Gompitz, Dresden, Sachsen, 01156, Deutschland"
Meißner Straße,Meißen,51.1630871,13.4704939,"Meißen, Sachsen, Deutschland"
Rennersdorfer Hauptstraße,Rennersdorf,51.069234,13.6085307,"Rennersdorf, Mobschatz, Dresden, Sachsen, 01156, Deutschland"
Pennricher Feldrain,Pennrich,51.0441703,13.6236509,"Pennrich, Gompitz, Dresden, Sachsen, 01156, Deutschland"
Dorfplatz-Brabschütz,Brabschütz,51.0697817,13.622591,"Brabschütz, Mobschatz, Dresden, Sachsen, 01156, Deutschland"
Cossebauder Weg,Cossebaude,51.0876124,13.6298379,"Cossebaude, Dresden, Sachsen, 01156, Deutschland"
Podemuser Straße,Podemus,51.0611175,13.6266098,"Podemus, Mobschatz, Dresden, Sachsen, 01156, Deutschland"
Pennricher Weg,Pennrich,51.0441703,13.6236509,"Pennrich, Gompitz, Dresden, Sachsen, 01156, Deutschland"
Pennricher Höhe,Pennrich,51.0441703,13.6236509,"Pennrich, Gompitz, Dresden, Sachsen, 01156, Deutschland"
Podemuser Hauptstraße,Podemus,51.0611175,13.6266098,"Podemus, Mobschatz, Dresden, Sachsen, 01156, Deutschland"
Altpodemus,Podemus,51.0611175,13.6266098,"Podemus, Mobschatz, Dresden, Sachsen, 01156, Deutschland"
Altnossener Straße,Nossen,51.0565934,13.2980726,"Nossen, Meißen, Sachsen, 01683, Deutschland"
Brabschützer Straße (CB),Brabschütz,51.0697817,13.622591,"Brabschütz, Mobschatz, Dresden, Sachsen, 01156, Deutschland"
Podemuser Ring,Podemus,51.0611175,13.6266098,"Podemus, Mobschatz, Dresden, Sachsen, 01156, Deutschland"
Gohliser Straße (CB),Gohlis (Dresden),51.0849897,13.6456255,"Gohlis, Dresdner Straße, Obergohlis, Cossebaude, Dresden, Sachsen, 01156, Deutschland"
Gompitzer Wirtschaftsweg,Gompitz,51.0435315,13.6377166,"Gompitz, Dresden, Sachsen, 01156, Deutschland"
Kohlsdorfer Weg,Kohlsdorf (Freital),51.031278,13.6341871,"Kohlsdorf, Wurgwitz, Freital, Sächsische Schweiz-Osterzgebirge, Sachsen, 01705, Deutschland"
Gompitzer Höhe,Gompitz,51.0435315,13.6377166,"Gompitz, Dresden, Sachsen, 01156, Deutschland"
Gompitzer Hang,Gompitz,51.0435315,13.6377166,"Gompitz, Dresden, Sachsen, 01156, Deutschland"
Alt-Leuteritzer Ring,Alt-Leuteritz,51.071719,13.6346813,"Alt-Leuteritz, Mobschatz, Dresden, Sachsen, 01156, Deutschland"
Pennricher Ring,Pennrich,51.0441703,13.6236509,"Pennrich, Gompitz, Dresden, Sachsen, 01156, Deutschland"
Cossebauder Straße (CB),Cossebaude,51.0876124,13.6298379,"Cossebaude, Dresden, Sachsen, 01156, Deutschland"
Altfrankener Höhe,Altfranken,51.0340852,13.6454145,"Altfranken, Dresden, Sachsen, Deutschland"
Kohlsdorfer Landstraße,Kohlsdorf (Freital),51.031278,13.6341871,"Kohlsdorf, Wurgwitz, Freital, Sächsische Schweiz-Osterzgebirge, Sachsen, 01705, Deutschland"
Ockerwitzer Weg,Ockerwitz,51.0559822,13.6439177,"Ockerwitz, Gompitz, Dresden, Sachsen, 01156, Deutschland"
Dresdner Straße (CB),Dresden,51.0493286,13.7381437,"Dresden, Sachsen, Deutschland"
Merbitzer Ring,Merbitz,51.0675661,13.6400012,"Merbitz, Dresden, Sachsen, 01156, Deutschland"
Ockerwitzer Allee,Ockerwitz,51.0559822,13.6439177,"Ockerwitz, Gompitz, Dresden, Sachsen, 01156, Deutschland"
Altgompitz,Gompitz,51.0435315,13.6377166,"Gompitz, Dresden, Sachsen, 01156, Deutschland"
Altfrankener Dorfstraße,Altfranken,51.0340852,13.6454145,"Altfranken, Dresden, Sachsen, Deutschland"
Ockerwitzer Dorfstraße,Ockerwitz,51.0559822,13.6439177,"Ockerwitz, Gompitz, Dresden, Sachsen, 01156, Deutschland"
Gohliser Weg,Gohlis (Dresden),51.0849897,13.6456255,"Gohlis, Dresdner Straße, Obergohlis, Cossebaude, Dresden, Sachsen, 01156, Deutschland"
Altmobschatz,Mobschatz,51.0791557,13.6437255,"Mobschatz, Dresden, Sachsen, 01156, Deutschland"
Pesterwitzer Schulweg,Pesterwitz (Freital),51.0281105,13.6539668,"Pesterwitz, Freital, Sächsische Schweiz-Osterzgebirge, Sachsen, 01169, Deutschland"
Ockerwitzer Ring,Ockerwitz,51.0559822,13.6439177,"Ockerwitz, Gompitz, Dresden, Sachsen, 01156, Deutschland"
Wildbergstraße,Wildberg (Klipphausen),51.1013691,13.579277,"Wildberg, Klipphausen, Meißen, Sachsen, 01665, Deutschland"
Omsewitzer Höhe,Omsewitz,51.0542551,13.6589564,"Omsewitz, Cotta, Dresden, Sachsen, 01169, Deutschland"
Roitzscher Straße,Roitzsch (Nossen),51.2268183,13.3073161,"Bahnstrecke Riesa–Nossen, K 8084, Striegnitz, Dörschnitz, Lommatzsch, Meißen, Sachsen, 01623, Deutschland"
Miltitzer Straße,Miltitz (Klipphausen),51.1042291,13.4014526,"Miltitz, Klipphausen, Meißen, Sachsen, Deutschland"
Harthaer Straße,Hartha (Tharandt),50.9817173,13.5466472,"Kurort Hartha, Tharandt, Sächsische Schweiz-Osterzgebirge, Sachsen, 01737, Deutschland"
Briesnitzer Höhe,Briesnitz,51.0639097,13.6679675,"Briesnitz, Cotta, Dresden, Sachsen, 01157, Deutschland"
Altstetzsch,Stetzsch,51.0814688,13.6578325,"Stetzsch, Cotta, Dresden, Sachsen, 01157, Deutschland"
Brabschützer Straße,Brabschütz,51.0697817,13.622591,"Brabschütz, Mobschatz, Dresden, Sachsen, 01156, Deutschland"
Altomsewitz,Omsewitz,51.0542551,13.6589564,"Omsewitz, Cotta, Dresden, Sachsen, 01169, Deutschland"
Flensburger Straße,Flensburg,54.7833021,9.4333264,"Flensburg, Schleswig-Holstein, Deutschland"
Podemusstraße,Podemus,51.0611175,13.6266098,"Podemus, Mobschatz, Dresden, Sachsen, 01156, Deutschland"
Merbitzer Straße,Merbitz,51.0675661,13.6400012,"Merbitz, Dresden, Sachsen, 01156, Deutschland"
Serkowitzer Straße,Serkowitz,51.0952921,13.6587433,"Serkowitz, Radebeul, Meißen, Sachsen, Deutschland"
Pesterwitzer Straße,Pesterwitz (Freital),51.0281105,13.6539668,"Pesterwitz, Freital, Sächsische Schweiz-Osterzgebirge, Sachsen, 01169, Deutschland"
Altburgstädtel,Burgstädtel (Dresden),51.0539932,13.6641356,"Burgstädtel, Briesnitz, Omsewitz, Cotta, Dresden, Sachsen, 01157, Deutschland"
Wilsdruffer Ring,Wilsdruff,51.0524125,13.5362765,"Wilsdruff, Sächsische Schweiz-Osterzgebirge, Sachsen, 01723, Deutschland"
Neuburgstädtel,Burgstädtel (Dresden),51.0539932,13.6641356,"Burgstädtel, Briesnitz, Omsewitz, Cotta, Dresden, Sachsen, 01157, Deutschland"
Gompitzer Straße,Gompitz,51.0435315,13.6377166,"Gompitz, Dresden, Sachsen, 01156, Deutschland"
Am Briesnitzer Hang,Briesnitz,51.0639097,13.6679675,"Briesnitz, Cotta, Dresden, Sachsen, 01157, Deutschland"
Altgorbitzer Ring,Altgorbitz,51.0373753,13.6699837,"Altgorbitz, Niedergorbitz, Naußlitz, Roßthal, Cotta, Dresden, Sachsen, 01169, Deutschland"
Warthaer Straße,Oberwartha,51.0816091,13.6047327,"Oberwartha, Dresden, Sachsen, Deutschland"
Am Vorwerksfeld,Dresden,51.0493286,13.7381437,"Dresden, Sachsen, Deutschland"
Omsewitzer Grund,Omsewitz,51.0542551,13.6589564,"Omsewitz, Cotta, Dresden, Sachsen, 01169, Deutschland"
Omsewitzer Ring,Omsewitz,51.0542551,13.6589564,"Omsewitz, Cotta, Dresden, Sachsen, 01169, Deutschland"
Kaufbacher Straße,Kaufbach (Wilsdruff),51.0513781,13.570704,"Kaufbach, Wilsdruff, Sächsische Schweiz-Osterzgebirge, Sachsen, 01723, Deutschland"
Altleutewitz,Leutewitz,51.0564997,13.6713108,"Leutewitz, Cotta, Dresden, Sachsen, 01157, Deutschland"
Altgorbitz,Gorbitz,51.045189,13.6716625,"Gorbitz, Höhenpromenade, Gorbitz-Ost, Gorbitz, Cotta, Dresden, Sachsen, 01169, Deutschland"
Beerenhut,Beerenhut,51.0352323,13.6703405,"Beerenhut, Neunimptsch, Naußlitz, Roßthal, Cotta, Dresden, Sachsen, 01169, Deutschland"
Coventrystraße,Coventry,52.4081812,-1.510477,"Coventry, West Midlands, England, United Kingdom"
Helbigsdorfer Weg,Helbigsdorf (Wilsdruff),51.0287588,13.4747657,"Helbigsdorf, Wilsdruff, Sächsische Schweiz-Osterzgebirge, Sachsen, 01723, Deutschland"
Gorbitzer Straße,Gorbitz,51.045189,13.6716625,"Gorbitz, Höhenpromenade, Gorbitz-Ost, Gorbitz, Cotta, Dresden, Sachsen, 01169, Deutschland"
Altkaditz,Kaditz,51.0843554,13.6776905,"Kaditz, Pieschen, Dresden, Sachsen, 01139, Deutschland"
Herzogswalder Straße,Herzogswalde (Wilsdruff),51.0111309,13.4988689,"Herzogswalde, Wilsdruff, Sächsische Schweiz-Osterzgebirge, Sachsen, 01723, Deutschland"
Limbacher Weg,Limbach (Vogtland),50.6211887,12.2540669,"Limbach, Lambzig, Netzschkau, Netzschkau-Limbach, Vogtlandkreis, Sachsen, 08491, Deutschland"
Meißner Landstraße,Meißen,51.1630871,13.4704939,"Meißen, Sachsen, Deutschland"
Neunimptscher Straße,Neunimptsch (Dresden),51.0359871,13.6723772,"Neunimptsch, Naußlitz, Roßthal, Cotta, Dresden, Sachsen, 01169, Deutschland"
Wölfnitzer Ring,Wölfnitz,51.0403342,13.6777302,"Wölfnitz, Cotta, Dresden, Sachsen, 01169, Deutschland"
Fürstenhainer Straße,Fürstenhain (Radebeul),51.10374,13.6366478,"Fürstenhain, Kötzschenbroda, Radebeul, Meißen, Sachsen, 01445, Deutschland"
Leutewitzer Ring,Leutewitz,51.0564997,13.6713108,"Leutewitz, Cotta, Dresden, Sachsen, 01157, Deutschland"
Hetzdorfer Straße,Hetzdorf (Halsbrücke),50.9732555,13.4606894,"Hetzdorf/Halsbrücke, Herrndorfer Straße, Herrndorf, Hetzdorf, Halsbrücke, Mittelsachsen, Sachsen, 09633, Deutschland"
Weistropper Straße,Weistropp (Klipphausen),51.0863503,13.585671,"Weistropp, Klipphausen, Meißen, Sachsen, 01640, Deutschland"
Alte Meißner Landstraße,Meißen,51.1630871,13.4704939,"Meißen, Sachsen, Deutschland"
Altbriesnitz,Briesnitz,51.0639097,13.6679675,"Briesnitz, Cotta, Dresden, Sachsen, 01157, Deutschland"
Übigauer Straße,Übigau,51.0713098,13.6931327,"Übigau, Pieschen, Dresden, Sachsen, 01139, Deutschland"
Ockerwitzer Straße,Ockerwitz,51.0559822,13.6439177,"Ockerwitz, Gompitz, Dresden, Sachsen, 01156, Deutschland"
Tanneberger Weg,Tanneberg (Klipphausen),51.0509902,13.4119264,"Tanneberg, Klipphausen, Meißen, Sachsen, 01665, Deutschland"
Olbernhauer Straße,Olbernhau,50.6564031,13.345242,"Olbernhau, Erzgebirgskreis, Sachsen, 09526, Deutschland"
Altroßthal,Roßthal,51.0330959,13.6755363,"Roßthal, Cotta, Dresden, Sachsen, 01169, Deutschland"
Pohrsdorfer Weg,Pohrsdorf,50.9982532,13.5298087,"Pohrsdorf, Tharandt, Sächsische Schweiz-Osterzgebirge, Sachsen, 01737, Deutschland"
Saalhausener Straße,Saalhausen (Freital),51.0112972,13.6161191,"Saalhausen, Freital, Sächsische Schweiz-Osterzgebirge, Sachsen, Deutschland"
Altwölfnitz,Wölfnitz,51.0403342,13.6777302,"Wölfnitz, Cotta, Dresden, Sachsen, 01169, Deutschland"
Seußlitzer Straße,Seußlitz (Diesbar-Seußlitz),51.2403618,13.4214106,"Seußlitz, Diesbar-Seußlitz, Nünchritz, Meißen, Sachsen, 01612, Deutschland"
Birkigter Straße,Birkigt (Freital),51.0112482,13.67759,"Birkigt, Freital, Sächsische Schweiz-Osterzgebirge, Sachsen, 01189, Deutschland"
Mobschatzer Straße,Mobschatz,51.0791557,13.6437255,"Mobschatz, Dresden, Sachsen, 01156, Deutschland"
Gleinaer Straße,Gleina,51.2602401,11.720217,"Gleina, Unstruttal, Burgenlandkreis, Sachsen-Anhalt, Deutschland"
Zitzschewiger Straße,Zitzschewig (Radebeul),51.1184894,13.603764,"Zitzschewig, Radebeul, Meißen, Sachsen, Deutschland"
Düsseldorfer Straße,Düsseldorf,51.2254018,6.7763137,"Düsseldorf, Nordrhein-Westfalen, Deutschland"
Zöllmener Straße,Zöllmen,51.0430199,13.6109099,"Zöllmen, Gompitz, Dresden, Sachsen, 01156, Deutschland"
Steinbacher Straße,Steinbach (Dresden),51.0437651,13.6028003,"Steinbach, Gompitz, Dresden, Sachsen, 01156, Deutschland"
Annaberger Straße,Annaberg (Annaberg-Buchholz),50.5805503,13.0016874,"Annaberg, Annaberg-Buchholz, Erzgebirgskreis, Sachsen, 09456, Deutschland"
Wurgwitzer Straße,Wurgwitz,51.0255828,13.6276404,"Wurgwitz, Freital, Sächsische Schweiz-Osterzgebirge, Sachsen, 01705, Deutschland"
Cossebauder Straße,Cossebaude,51.0876124,13.6298379,"Cossebaude, Dresden, Sachsen, 01156, Deutschland"
Hainichener Straße,Hainichen,50.9725862,13.1229747,"Hainichen, Mittelsachsen, Sachsen, 09661, Deutschland"
Darmstädter Straße,Darmstadt,49.872775,8.651177,"Darmstadt, Hessen, Deutschland"
Dölzschener Ring,Dölzschen,51.0263636,13.689257,"Dölzschen, Cotta, Dresden, Sachsen, 01159, Deutschland"
Koblenzer Straße,Koblenz,50.3533278,7.5943951,"Koblenz, Rheinland-Pfalz, Deutschland"
Kötitzer Straße,Kötitz (Coswig),51.1189743,13.57257,"Kötitz, Coswig, Meißen, Sachsen, Deutschland"
Omsewitzer Straße,Omsewitz,51.0542551,13.6589564,"Omsewitz, Cotta, Dresden, Sachsen, 01169, Deutschland"
Bonner Straße,Bonn,50.7352621,7.1024635,"Bonn, Nordrhein-Westfalen, Deutschland"
Altnaußlitz,Naußlitz (Ralbitz-Rosenthal),51.2863098,14.2509975,"Naußlitz - Nowoslicy, Ralbitz-Rosenthal - Ralbicy-Róžant, Am Klosterwasser, Bautzen - Budyšin, Sachsen, 01920, Deutschland"
Roßweiner Straße,Roßwein,51.0838863,13.2112442,"Roßwein, Mittelsachsen, Sachsen, 04741, Deutschland"
Birkigter Hang,Birkigt (Freital),51.0112482,13.67759,"Birkigt, Freital, Sächsische Schweiz-Osterzgebirge, Sachsen, 01189, Deutschland"
Kölner Straße,Köln,50.938361,6.959974,"Köln, Nordrhein-Westfalen, Deutschland"
Leutewitzer Straße,Leutewitz,51.0564997,13.6713108,"Leutewitz, Cotta, Dresden, Sachsen, 01157, Deutschland"
Rüdesheimer Straße,Rüdesheim am Rhein,50.0293,7.8902,"Rüdesheim am Rhein, Rheingau-Taunus-Kreis, Hessen, 65385, Deutschland"
Kesselsdorfer Straße,Kesselsdorf,51.0322245,13.5942849,"Kesselsdorf, Wilsdruff, Sächsische Schweiz-Osterzgebirge, Sachsen, 01156, Deutschland"
Altcotta,Cotta,51.0577378,13.6824944,"Cotta, Dresden, Sachsen, 01157, Deutschland"
Naußlitzer Straße,Naußlitz,51.0338644,13.6860039,"Naußlitz, Cotta, Dresden, Sachsen, 01159, Deutschland"
Mülheimer Straße,Mülheim an der Ruhr,51.4272925,6.8829192,"Mülheim an der Ruhr, Nordrhein-Westfalen, Deutschland"
Braunsdorfer Straße,Braunsdorf (Wilsdruff),51.0168066,13.5731578,"Braunsdorf, Wilsdruff, Sächsische Schweiz-Osterzgebirge, Sachsen, 01737, Deutschland"
Altdölzschen,Dölzschen,51.0263636,13.689257,"Dölzschen, Cotta, Dresden, Sachsen, 01159, Deutschland"
Klipphausener Straße,Klipphausen,51.0749571,13.5293546,"Klipphausen, Meißen, Sachsen, Deutschland"
Binger Straße,Bingen am Rhein,49.9675456,7.8944,"Bingen am Rhein, Landkreis Mainz-Bingen, Rheinland-Pfalz, 55411, Deutschland"
Hultschiner Straße,Hlučín,49.896755,18.1870424,"Hlučín, okres Opava, Moravskoslezský kraj, Moravskoslezsko, 748 01, Česko"
Birkenhainer Straße,Birkenhain (Wilsdruff),51.056695,13.4864143,"Birkenhain, Wilsdruff, Sächsische Schweiz-Osterzgebirge, Sachsen, Deutschland"
Grillenburger Straße,Grillenburg,50.9527591,13.5075118,"Grillenburg, Tharandt, Sächsische Schweiz-Osterzgebirge, Sachsen, Deutschland"
Hersfelder Straße,Bad Hersfeld,50.8604177,9.6767709,"Bad Hersfeld, Landkreis Hersfeld-Rotenburg, Hessen, 36251, Deutschland"
Potschappler Straße,Potschappel (Freital),51.0131482,13.662626,"Potschappel, Freital, Sächsische Schweiz-Osterzgebirge, Sachsen, Deutschland"
Rabenauer Straße,Rabenau,50.9631279,13.6418236,"Rabenau, Sächsische Schweiz-Osterzgebirge, Sachsen, 01734, Deutschland"
Rennersdorfer Straße,Rennersdorf,51.069234,13.6085307,"Rennersdorf, Mobschatz, Dresden, Sachsen, 01156, Deutschland"
Sachsdorfer Straße,Sachsdorf (Klipphausen),51.0683995,13.5350025,"Sachsdorf, Klipphausen, Meißen, Sachsen, 01723, Deutschland"
Gießener Straße,Gießen,50.5808795,8.6938161,"Gießen, Landkreis Gießen, Hessen, Deutschland"
Essener Straße,Essen,51.4582235,7.0158171,"Essen, Nordrhein-Westfalen, Deutschland"
Kasseler Straße,Kassel,51.3157833,9.4978479,"Kassel, Hessen, Deutschland"
Malterstraße,Malter (Dippoldiswalde),50.9199287,13.6603457,"Malter, Dippoldiswalde, Sächsische Schweiz-Osterzgebirge, Sachsen, 01734, Deutschland"
Pennricher Straße,Pennrich,51.0441703,13.6236509,"Pennrich, Gompitz, Dresden, Sachsen, 01156, Deutschland"
Freitaler Straße,Freital,51.016265,13.6530329,"Freital, Sächsische Schweiz-Osterzgebirge, Sachsen, 01705, Deutschland"
Unkersdorfer Straße,Unkersdorf,51.0564054,13.5915327,"Unkersdorf, Gompitz, Dresden, Sachsen, 01156, Deutschland"
Deubener Straße,Deuben (Freital),50.9961024,13.6456544,"Deuben, Freital, Sächsische Schweiz-Osterzgebirge, Sachsen, 01705, Deutschland"
Wiesbadener Straße,Wiesbaden,50.0820384,8.2416556,"Wiesbaden, Hessen, Deutschland"
Hühndorfer Straße,Hühndorf (Klipphausen),51.0686605,13.5698707,"Hühndorf, Klipphausen, Meißen, Sachsen, Deutschland"
Kohlsdorfer Straße,Kohlsdorf (Freital),51.031278,13.6341871,"Kohlsdorf, Wurgwitz, Freital, Sächsische Schweiz-Osterzgebirge, Sachsen, 01705, Deutschland"
Offenburger Straße,Offenburg,48.4695984,7.9429235,"Offenburg, Verwaltungsgemeinschaft Offenburg, Ortenaukreis, Baden-Württemberg, Deutschland"
Hohendölzschener Straße,Dölzschen,51.0263636,13.689257,"Dölzschen, Cotta, Dresden, Sachsen, 01159, Deutschland"
Karlsruher Straße,Karlsruhe,49.0068705,8.4034195,"Karlsruhe, Baden-Württemberg, Deutschland"
Coschützer Hang,Coschütz,51.0173107,13.7014868,"Coschütz, Plauen, Dresden, Sachsen, 01189, Deutschland"
Grumbacher Straße,Grumbach (Wilsdruff),51.0314791,13.5445044,"Grumbach, Wilsdruff, Sächsische Schweiz-Osterzgebirge, Sachsen, 01723, Deutschland"
Hermsdorfer Straße,Oberhermsdorf,51.019936,13.5906341,"Oberhermsdorf, Wilsdruff, Sächsische Schweiz-Osterzgebirge, Sachsen, 01737, Deutschland"
Altcoschütz,Coschütz,51.0173107,13.7014868,"Coschütz, Plauen, Dresden, Sachsen, 01189, Deutschland"
Kleinnaundorfer Straße,Kleinnaundorf,50.9950125,13.6907319,"Kleinnaundorf, Freital, Sächsische Schweiz-Osterzgebirge, Sachsen, 01189, Deutschland"
Gohliser Straße,Gohlis (Dresden),51.0849897,13.6456255,"Gohlis, Dresdner Straße, Obergohlis, Cossebaude, Dresden, Sachsen, 01156, Deutschland"
Lübecker Straße,Lübeck,53.866444,10.684738,"Lübeck, Schleswig-Holstein, Deutschland"
Scharfenberger Straße,Scharfenberg (Klipphausen),51.1191419,13.5133537,"Scharfenberg, Klipphausen, Meißen, Sachsen, Deutschland"
Zauckeroder Straße,Zauckerode (Freital),51.0174579,13.6396931,"Zauckerode, Freital, Sächsische Schweiz-Osterzgebirge, Sachsen, Deutschland"
Kaditzer Straße,Kaditz,51.0843554,13.6776905,"Kaditz, Pieschen, Dresden, Sachsen, 01139, Deutschland"
Hamburger Straße,Hamburg,53.550341,10.000654,"Hamburg, Deutschland"
Pieschener Straße,Pieschen,51.0831018,13.7225624,"Pieschen, Dresden, Sachsen, 01127, Deutschland"
Sörnewitzer Straße,Sörnewitz (Coswig),51.1376296,13.5202868,"Sörnewitz, Coswig, Meißen, Sachsen, Deutschland"
Dölzschener Straße,Dölzschen,51.0263636,13.689257,"Dölzschen, Cotta, Dresden, Sachsen, 01159, Deutschland"
Radebeuler Straße,Radebeul,51.0999765,13.6767995,"Radebeul, Meißen, Sachsen, 01445, Deutschland"
Heidelberger Straße,Heidelberg,49.4093582,8.694724,"Heidelberg, Baden-Württemberg, Deutschland"
Mainzer Straße,Mainz,49.9995205,8.2736253,"Mainz, Bodenheim, Rheinland-Pfalz, Deutschland"
Altübigau,Übigau,51.0713098,13.6931327,"Übigau, Pieschen, Dresden, Sachsen, 01139, Deutschland"
Altlöbtau,Löbtau,51.0413452,13.6984581,"Löbtau, Cotta, Dresden, Sachsen, 01159, Deutschland"
Meißner Straße (Trachau),Meißen,51.1630871,13.4704939,"Meißen, Sachsen, Deutschland"
Mohorner Straße,Mohorn (Wilsdruff),51.0016525,13.4599999,"Mohorn, Wilsdruff, Sächsische Schweiz-Osterzgebirge, Sachsen, Deutschland"
Tharandter Straße,Tharandt,50.9853391,13.5794907,"Tharandt, Sächsische Schweiz-Osterzgebirge, Sachsen, 01737, Deutschland"
Altfrankener Straße,Altfranken,51.0340852,13.6454145,"Altfranken, Dresden, Sachsen, Deutschland"
Mannheimer Straße,Mannheim,49.4892913,8.4673098,"Mannheim, Baden-Württemberg, Deutschland"
Heilbronner Straße,Heilbronn,49.142291,9.218655,"Heilbronn, Baden-Württemberg, Deutschland"
Colmnitzer Straße,Colmnitz (Klingenberg),50.9099397,13.4914391,"Colmnitz, Klingenberg, Sächsische Schweiz-Osterzgebirge, Sachsen, 01774, Deutschland"
Frankfurter Straße,Frankfurt am Main,50.1106444,8.6820917,"Frankfurt am Main, Hessen, Deutschland"
Altmickten,Mickten,51.0781249,13.7070254,"Mickten, Pieschen, Dresden, Sachsen, 01139, Deutschland"
Waldheimer Straße,Waldheim,51.0770643,13.0157798,"Waldheim, Mittelsachsen, Sachsen, 04736, Deutschland"
Kreuznacher Straße,Bad Kreuznach,49.8490413,7.8626661,"Landkreis Bad Kreuznach, Rheinland-Pfalz, Deutschland"
Rastatter Straße,Rastatt,48.8574209,8.2088088,"Rastatt, Vereinbarte Verwaltungsgemeinschaft Rastatt, Landkreis Rastatt, Baden-Württemberg, 76437, Deutschland"
Tübinger Straße,Tübingen,48.5203263,9.053596,"Tübingen, Landkreis Tübingen, Baden-Württemberg, Deutschland"
Niederhäslicher Weg,Niederhäslich (Freital),50.9888388,13.6651092,"Niederhäslich, Freital, Sächsische Schweiz-Osterzgebirge, Sachsen, 01705, Deutschland"
Brockwitzer Straße,Brockwitz (Coswig),51.136219,13.5574709,"Brockwitz, Coswig, Meißen, Sachsen, 01640, Deutschland"
Saarbrückener Straße,Saarbrücken,49.234362,6.996379,"Saarbrücken, Regionalverband Saarbrücken, Saarland, Deutschland"
Döhlener Straße,Döhlen (Freital),51.0070347,13.6475354,"Döhlen, Freital, Sächsische Schweiz-Osterzgebirge, Sachsen, 01705, Deutschland"
Ölsaer Weg,Oelsa (Rabenau),50.9508803,13.6659741,"Oelsa, Rabenau, Sächsische Schweiz-Osterzgebirge, Sachsen, 01734, Deutschland"
Hainsberger Straße,Hainsberg (Freital),50.9777786,13.625201,"Hainsberg, Coßmannsdorf, Freital, Sächsische Schweiz-Osterzgebirge, Sachsen, 01705, Deutschland"
Pforzheimer Straße,Pforzheim,48.890934,8.7025509,"Pforzheim, Baden-Württemberg, Deutschland"
Lommatzscher Straße,Lommatzsch,51.1952586,13.3111561,"Lommatzsch, Meißen, Sachsen, 01623, Deutschland"
Stuttgarter Straße,Stuttgart,48.7784485,9.1800132,"Stuttgart, Baden-Württemberg, Deutschland"
Altplauen,Plauen,50.4950632,12.1346523,"Plauen, Vogtlandkreis, Sachsen, Deutschland"
Bremer Straße,Bremen,53.0758196,8.8071646,"Bremen, Deutschland"
Landauer Straße,Landau in der Pfalz,49.1982825,8.1123441,"Landau in der Pfalz, Rheinland-Pfalz, Deutschland"
Reutlinger Weg,Reutlingen,48.4919508,9.2114144,"Reutlingen, Landkreis Reutlingen, Baden-Württemberg, Deutschland"
Coschützer Straße,Coschütz,51.0173107,13.7014868,"Coschütz, Plauen, Dresden, Sachsen, 01189, Deutschland"
Coschützer Höhe,Coschütz,51.0173107,13.7014868,"Coschütz, Plauen, Dresden, Sachsen, 01189, Deutschland"
Hildesheimer Straße,Hildesheim,52.1527188,9.9518083,"Hildesheim, Landkreis Hildesheim, Niedersachsen, Deutschland"
Naundorfer Straße,Naundorf (Radebeul),51.1114741,13.6064198,"Naundorf, Radebeul, Meißen, Sachsen, Deutschland"
Löbtauer Brücke,Löbtau,51.0413452,13.6984581,"Löbtau, Cotta, Dresden, Sachsen, 01159, Deutschland"
Cunnersdorfer Straße,Cunnersdorf (Bannewitz),51.0016427,13.7052921,"Cunnersdorf, Bannewitz, Sächsische Schweiz-Osterzgebirge, Sachsen, 01189, Deutschland"
Siebenlehner Straße,Siebenlehn (Großschirma),51.0307084,13.3071292,"Siebenlehn, Großschirma, Mittelsachsen, Sachsen, 09603, Deutschland"
Gitterseestraße,Gittersee,51.0111467,13.6921953,"Gittersee, Plauen, Dresden, Sachsen, 01189, Deutschland"
Pestitzer Straße,Kleinpestitz,51.0173648,13.7351584,"Kleinpestitz, Plauen, Dresden, Sachsen, 01217, Deutschland"
Trachauer Straße,Trachau,51.100235,13.702966,"Trachau, Pieschen, Dresden, Sachsen, 01129, Deutschland"
Zwickauer Platz,Zwickau,50.7185043,12.4939267,"Zwickau, Langenweißbach, Zwickau, Sachsen, 08134, Deutschland"
Klingenberger Straße,Klingenberg,49.7824102,9.1827765,"Klingenberg am Main, Landkreis Miltenberg, Bayern, 63911, Deutschland"
Oederaner Straße,Oederan,50.8614612,13.1694372,"Oederan, Mittelsachsen, Sachsen, 09569, Deutschland"
Micktner Straße,Mickten,51.0781249,13.7070254,"Mickten, Pieschen, Dresden, Sachsen, 01139, Deutschland"
Kunzer Marktweg,Cunnersdorf (Wüstung),,,
Lommatzscher Platz,Lommatzsch,51.1952586,13.3111561,"Lommatzsch, Meißen, Sachsen, 01623, Deutschland"
Altonaer Straße,Altona,53.5864667,9.7776709,"Altona, Hamburg, Deutschland"
Hirschfelder Straße,Hirschfeld (Sachsen),50.6240585,12.4612002,"Hirschfeld, Kirchberg, Zwickau, Sachsen, 08144, Deutschland"
Cottaer Straße,Cotta,51.0577378,13.6824944,"Cotta, Dresden, Sachsen, 01157, Deutschland"
Plauenscher Ring,Plauen,50.4950632,12.1346523,"Plauen, Vogtlandkreis, Sachsen, Deutschland"
Hohenplauen,Plauen (Dresden),51.026885,13.7081376,"Plauen, Dresden, Sachsen, 01187, Deutschland"
Nossener Brücke,Nossen,51.0565934,13.2980726,"Nossen, Meißen, Sachsen, 01683, Deutschland"
Löbtauer Straße,Löbtau,51.0413452,13.6984581,"Löbtau, Cotta, Dresden, Sachsen, 01159, Deutschland"
Chemnitzer Straße,Chemnitz,50.8323531,12.918914,"Chemnitz, Lichtenau, Sachsen, Deutschland"
Moritzburger Landstraße,Moritzburg,51.1592018,13.6819406,"Moritzburg, Meißen, Sachsen, 01468, Deutschland"
Alttrachau,Trachau,51.100235,13.702966,"Trachau, Pieschen, Dresden, Sachsen, 01129, Deutschland"
Aachener Straße,Aachen,50.776351,6.083862,"Aachen, Städteregion Aachen, Nordrhein-Westfalen, Deutschland"
Würzburger Straße,Würzburg,49.7780356,9.9434769,"Würzburg, Bayern, Deutschland"
Zwickauer Straße,Zwickau,50.7185043,12.4939267,"Zwickau, Langenweißbach, Zwickau, Sachsen, 08134, Deutschland"
Kötzschenbroder Straße,Kötzschenbroda (Radebeul),51.1052596,13.6309107,"Kötzschenbroda, Radebeul, Meißen, Sachsen, Deutschland"
Vorwerkstraße,Ostravorwerk,51.0612474,13.7160642,"ehem. Ostravorwerk, Friedrichstadt, Altstadt, Dresden, Sachsen, 01067, Deutschland"
Berliner Straße,Berlin,52.5173885,13.3951309,"Berlin, Deutschland"
Cottbuser Straße,Cottbus,51.7567447,14.3357307,"Cottbus - Chóśebuz, Brandenburg, Deutschland"
Magdeburger Straße,Magdeburg,52.1314783,11.6400789,"Magdeburg, Sachsen-Anhalt, Deutschland"
Hennersdorfer Weg,Hennersdorf (Dippoldiswalde),50.8286715,13.6172344,"Hennersdorf, Dippoldiswalde, Sächsische Schweiz-Osterzgebirge, Sachsen, Deutschland"
Bamberger Straße,Bamberg,49.8916044,10.8868478,"Bamberg, Bayern, Deutschland"
Dahlener Straße,Dahlen (Sachsen),51.3660978,12.9984348,"Dahlen, Nordsachsen, Sachsen, 04774, Deutschland"
Glauchauer Straße,Glauchau,50.8199031,12.5397873,"Glauchau, Zwickau, Sachsen, 08371, Deutschland"
Boxdorfer Weg,Boxdorf (Moritzburg),51.1193298,13.698115,"Boxdorf, Moritzburg, Meißen, Sachsen, 01468, Deutschland"
Wilder-Mann-Straße,Wilder Mann (Dresden),51.0958304,13.7199129,"Wilder Mann, Trachau, Trachenberge, Pieschen, Dresden, Sachsen, 01129, Deutschland"
Muldaer Straße,Mulda/Sa.,50.807563,13.4090351,"Mulda/Sachsen, Mittelsachsen, Sachsen, Deutschland"
Cämmerswalder Straße,Cämmerswalde (Neuhausen/Erzgeb.),50.7100367,13.5028623,"Cämmerswalde, Neuhausen/Erzgebirge, Mittelsachsen, Sachsen, 09544, Deutschland"
Kalkreuther Straße,Kalkreuth (Ebersbach),51.2764933,13.6312704,"Kalkreuth, Ebersbach, Meißen, Sachsen, 01561, Deutschland"
Passauer Straße,Passau,48.5748229,13.4609744,"Passau, Bayern, Deutschland"
Werdauer Straße,Werdau,50.7361377,12.3763847,"Werdau, Zwickau, Sachsen, 08412, Deutschland"
Wölfnitzstraße,Wölfnitz,51.0403342,13.6777302,"Wölfnitz, Cotta, Dresden, Sachsen, 01169, Deutschland"
Kaitzer Straße,Kaitz,51.0139212,13.7275321,"Kaitz, Plauen, Dresden, Sachsen, 01217, Deutschland"
Braunschweiger Straße,Braunschweig,52.2646577,10.5236066,"Braunschweig, Niedersachsen, Deutschland"
Altpieschen,Pieschen,51.0831018,13.7225624,"Pieschen, Dresden, Sachsen, 01127, Deutschland"
Landsberger Straße,Landsberg am Lech,48.0497474,10.8768728,"Landsberg am Lech, Landkreis Landsberg am Lech, Bayern, 86899, Deutschland"
Nöthnitzer Straße,Nöthnitz (Bannewitz),51.0050043,13.7327035,"Nöthnitz, Bannewitz, Sächsische Schweiz-Osterzgebirge, Sachsen, 01217, Deutschland"
Leipziger Straße,Leipzig,51.3406321,12.3747329,"Leipzig, Sachsen, Deutschland"
Dorfhainer Straße,Dorfhain,50.9349219,13.5628002,"Dorfhain, Tharandt, Sächsische Schweiz-Osterzgebirge, Sachsen, 01738, Deutschland"
Reichenberger Straße,Reichenberg (Moritzburg),51.1268486,13.6808085,"Reichenberg, Moritzburg, Meißen, Sachsen, 01468, Deutschland"
Warnemünder Straße,Warnemünde (Rostock),54.1779039,12.0812875,"Warnemünde, Ortsbeirat 1 : Diedrichshagen, Seebad Warnemünde, Rostock, Mecklenburg-Vorpommern, 18119, Deutschland"
Bayreuther Straße,Bayreuth,49.9449711,11.5734327,"Bayreuth, Bayern, Deutschland"
Wahnsdorfer Straße,Wahnsdorf (Radebeul),51.1188501,13.6716604,"Wahnsdorf, Radebeul, Meißen, Sachsen, Deutschland"
Wurzener Straße,Wurzen,51.3709574,12.7410574,"Wurzen, Landkreis Leipzig, Sachsen, Deutschland"
Weixdorfer Straße,Weixdorf,51.1528007,13.7916658,"Weixdorf, Dresden, Sachsen, 01108, Deutschland"
Freiberger Straße,Freiberg,50.9169415,13.3428889,"Freiberg, Mittelsachsen, Sachsen, 09599, Deutschland"
Volkersdorfer Sandweg,Volkersdorf (Radeburg),51.1468973,13.7403568,"Volkersdorf, Radeburg, Meißen, Sachsen, 01109, Deutschland"
Buchholzer Straße,Buchholz (Moritzburg),51.1346105,13.6579332,"Buchholz, Dippelsdorf, Moritzburg, Meißen, Sachsen, 01468, Deutschland"
Roßthaler Straße,Roßthal,51.0330959,13.6755363,"Roßthal, Cotta, Dresden, Sachsen, 01169, Deutschland"
Boxdorfer Straße,Boxdorf (Moritzburg),51.1193298,13.698115,"Boxdorf, Moritzburg, Meißen, Sachsen, 01468, Deutschland"
Röthenbacher Straße,Röthenbach (Klingenberg),50.8534355,13.5629037,"Röthenbach, Klingenberg, Sächsische Schweiz-Osterzgebirge, Sachsen, 01762, Deutschland"
Volkersdorfer Straße,Volkersdorf (Radeburg),51.1468973,13.7403568,"Volkersdorf, Radeburg, Meißen, Sachsen, 01109, Deutschland"
Dippelsdorfer Straße,Dippelsdorf (Moritzburg),51.1400478,13.6618376,"Dippelsdorf, Moritzburg, Meißen, Sachsen, 01468, Deutschland"
Friedebacher Straße,Friedebach (Sayda),50.7219197,13.4501279,"Friedebach, Sayda, Sayda/Dorfchemnitz, Mittelsachsen, Sachsen, 09544, Deutschland"
Regensburger Straße,Regensburg,49.0195333,12.0974869,"Regensburg, Bayern, Deutschland"
Sadisdorfer Weg,Sadisdorf,50.8408836,13.6345474,"Sadisdorf, Dippoldiswalde, Sächsische Schweiz-Osterzgebirge, Sachsen, 01744, Deutschland"
Hellerauer Straße,Hellerau,51.1126515,13.7595615,"Hellerau, Klotzsche, Dresden, Sachsen, 01109, Deutschland"
Promnitztalstraße,Promnitztal (Radeburg),51.2219825,13.718209,"AZV Promnitztal, 1, Radeburg, Meißen, Sachsen, 01471, Deutschland"
Lippersdorfer Weg,Lippersdorf (Pockau-Lengefeld),50.7555157,13.2548722,"Lippersdorf, Pockau-Lengefeld, Erzgebirgskreis, Sachsen, 09575, Deutschland"
Münchner Platz,München,48.1371079,11.5753822,"München, Bayern, Deutschland"
Altwilschdorfer Weg,Wilschdorf,51.1202022,13.7201701,"Wilschdorf, Klotzsche, Dresden, Sachsen, 01129, Deutschland"
Budapester Straße,Budapest,47.4978789,19.0402383,"Budapest, Közép-Magyarország, Magyarország"
Münchner Straße,München,48.1371079,11.5753822,"München, Bayern, Deutschland"
Innsbrucker Straße,Innsbruck,47.2654296,11.3927685,"Innsbruck, Tirol, Österreich"
Nürnberger Straße,Nürnberg,49.453872,11.077298,"Nürnberg, Bayern, Deutschland"
Friedewalder Straße,Friedewald (Moritzburg),51.1328988,13.6459526,"Friedewald, Moritzburg, Meißen, Sachsen, 01468, Deutschland"
Altwilschdorf,Wilschdorf,51.1202022,13.7201701,"Wilschdorf, Klotzsche, Dresden, Sachsen, 01129, Deutschland"
Friedewalder Weg,Friedewald (Moritzburg),51.1328988,13.6459526,"Friedewald, Moritzburg, Meißen, Sachsen, 01468, Deutschland"
Torgauer Straße,Torgau,51.5581272,13.0046538,"Torgau, Nordsachsen, Sachsen, Deutschland"
Eppendorfer Weg,Eppendorf (Sachsen),50.7988796,13.2305784,"Eppendorf, Mittelsachsen, Sachsen, 09575, Deutschland"
Oschatzer Straße,Oschatz,51.2979627,13.1081103,"Oschatz, Nordsachsen, Sachsen, 04758, Deutschland"
Döbraer Straße,Döbra (Liebstadt),50.8362179,13.8401515,"Döbra, Liebstadt, Bad Gottleuba-Berggießhübel, Sächsische Schweiz-Osterzgebirge, Sachsen, 01825, Deutschland"
Leisniger Platz,Leisnig,51.16005,12.9265979,"Leisnig, Mittelsachsen, Sachsen, 04703, Deutschland"
Altkaitz,Kaitz,51.0139212,13.7275321,"Kaitz, Plauen, Dresden, Sachsen, 01217, Deutschland"
Großenhainer Straße,Großenhain,51.2911845,13.5317153,"Großenhain, Meißen, Sachsen, 01558, Deutschland"
Leubnitzer Straße,Leubnitz,50.5142923,12.0186499,"Leubnitz, Rosenbach/Vogtland, Vogtlandkreis, Sachsen, 08539, Deutschland"
Höckendorfer Weg,Höckendorf (Klingenberg),50.9251784,13.5901531,"Höckendorf, Klingenberg, Sächsische Schweiz-Osterzgebirge, Sachsen, Deutschland"
Freiberger Platz,Freiberg,50.9169415,13.3428889,"Freiberg, Mittelsachsen, Sachsen, 09599, Deutschland"
Neudorfer Weg,Neudorf (Dresden),51.0735263,13.7281324,"Kleingartensparte „Neudorf“, 27, Pieschen, Dresden, Sachsen, 01127, Deutschland"
Leisniger Straße,Leisnig,51.16005,12.9265979,"Leisnig, Mittelsachsen, Sachsen, 04703, Deutschland"
Saßnitzer Straße,Sassnitz,54.516728,13.644119,"Sassnitz, Vorpommern-Rügen, Mecklenburg-Vorpommern, 18546, Deutschland"
Moritzburger Straße,Moritzburg,51.1592018,13.6819406,"Moritzburg, Meißen, Sachsen, 01468, Deutschland"
Schweriner Straße,Schwerin,53.6288297,11.4148038,"Schwerin, Mecklenburg-Vorpommern, Deutschland"
Ilmenauer Straße,Ilmenau,50.6867695,10.9142385,"Ilmenau, Ilm-Kreis, Thüringen, Deutschland"
Possendorfer Straße,Possendorf (Bannewitz),50.9671664,13.7115177,"Possendorf, Bannewitz, Sächsische Schweiz-Osterzgebirge, Sachsen, 01728, Deutschland"
Nürnberger Platz,Nürnberg,49.453872,11.077298,"Nürnberg, Bayern, Deutschland"
Burkersdorfer Weg,Burkersdorf (Frauenstein),50.8171373,13.4892089,"Burkersdorf, Frauenstein, Mittelsachsen, Sachsen, Deutschland"
Großröhrsdorfer Straße,Großröhrsdorf,51.1456848,14.0199103,"Großröhrsdorf, Bautzen - Budyšin, Sachsen, 01900, Deutschland"
Trachauer Heideweg,Trachau,51.100235,13.702966,"Trachau, Pieschen, Dresden, Sachsen, 01129, Deutschland"
Pieschener Allee,Pieschen,51.0831018,13.7225624,"Pieschen, Dresden, Sachsen, 01127, Deutschland"
Riesaer Straße,Riesa,51.3038241,13.308828,"Riesa, Meißen, Sachsen, Deutschland"
Trachenberger Platz,Trachenberge,51.0959794,13.7284263,"Trachenberge, Pieschen, Dresden, Sachsen, 01129, Deutschland"
Eisenberger Straße,Eisenberg (Moritzburg),51.1585253,13.676557,"Eisenberg, Moritzburg, Meißen, Sachsen, 01468, Deutschland"
Trachenberger Straße,Trachenberge,51.0959794,13.7284263,"Trachenberge, Pieschen, Dresden, Sachsen, 01129, Deutschland"
Döbelner Straße,Döbeln,51.1167001,13.1166999,"Döbeln, Mittelsachsen, Sachsen, 04720, Deutschland"
Moritzburger Platz,Moritzburg,51.1592018,13.6819406,"Moritzburg, Meißen, Sachsen, 01468, Deutschland"
Weimarische Straße,Weimar,50.9793301,11.3297921,"Weimar, Thüringen, Deutschland"
Große Plauensche Straße,Plauen,50.4950632,12.1346523,"Plauen, Vogtlandkreis, Sachsen, Deutschland"
Ostra-Ufer,Ostragehege,51.0677911,13.7132939,"Ostragehege, Friedrichstadt, Altstadt, Dresden, Sachsen, 01067, Deutschland"
Bannewitzer Straße,Bannewitz,50.9941921,13.7225277,"Bannewitz, Sächsische Schweiz-Osterzgebirge, Sachsen, 01728, Deutschland"
Zeithainer Straße,Zeithain,51.3323702,13.3382965,"Zeithain, Meißen, Sachsen, 01619, Deutschland"
Hallesche Straße,Halle,51.4824354,11.9712985,"Halle (Saale), Sachsen-Anhalt, Deutschland"
Coswiger Straße,Coswig,51.1267305,13.5783983,"Coswig, Meißen, Sachsen, 01640, Deutschland"
Ostra-Allee,Ostravorwerk,51.0612474,13.7160642,"ehem. Ostravorwerk, Friedrichstadt, Altstadt, Dresden, Sachsen, 01067, Deutschland"
Grimmaische Straße,Grimma,51.2383379,12.7287511,"Grimma, Landkreis Leipzig, Sachsen, 04668, Deutschland"
Wilschdorfer Landstraße,Wilschdorf,51.1202022,13.7201701,"Wilschdorf, Klotzsche, Dresden, Sachsen, 01129, Deutschland"
Breslauer Straße,Breslau,51.1263106,16.9781963,"Wrocław, województwo dolnośląskie, Polska"
Gothaer Straße,Gotha,50.9494849,10.7014435,"Gotha, Landkreis Gotha, Thüringen, Deutschland"
Erfurter Straße,Erfurt,50.9777974,11.0287364,"Erfurt, Thüringen, Deutschland"
Meraner Straße,Meran,46.6713536,11.1646348,"Meran - Merano, Burggrafenamt - Burgraviato, Bolzano - Bozen, Trentino-Alto Adige/Südtirol, 39012, Italia"
Wiener Platz,Wien,48.2083537,16.3725042,"Wien, Österreich"
Schönbacher Weg,Schönbach (Sebnitz),50.9833852,14.2282681,"Schönbach, Sebnitz, Sächsische Schweiz-Osterzgebirge, Sachsen, 01844, Deutschland"
Alträcknitz,Räcknitz,51.0251896,13.7333866,"Räcknitz, Plauen, Dresden, Sachsen, 01069, Deutschland"
Blankensteiner Straße,Blankenstein (WIlsdruff),51.0400577,13.4414986,"Blankenstein, Wilsdruff, Sächsische Schweiz-Osterzgebirge, Sachsen, Deutschland"
Dippoldiswalder Platz,Dippoldiswalde,50.8950479,13.6633335,"Dippoldiswalde, Sächsische Schweiz-Osterzgebirge, Sachsen, 01744, Deutschland"
Röderauer Straße,Röderau (Zeithain),51.3221048,13.3206487,"Röderau, Zeithain, Meißen, Sachsen, 01619, Deutschland"
Radeburger Straße,Radeburg,51.2149248,13.7241174,"Radeburg, Meißen, Sachsen, 01471, Deutschland"
Trienter Straße,Trient,46.0664228,11.1257601,"Trento, Territorio Val d'Adige, Provincia di Trento, Trentino-Alto Adige/Südtirol, 38121-38123, Italia"
Weinböhlaer Straße,Weinböhla,51.1618943,13.5643531,"Weinböhla, Meißen, Sachsen, 01689, Deutschland"
Kitzbühler Straße,Kitzbühel,47.4463585,12.3911473,"Kitzbühel, Bezirk Kitzbühel, Tirol, 6370, Österreich"
Lauterbacher Straße,Lauterbach (Ebersbach),51.2286129,13.610393,"Lauterbach, Ebersbach, Meißen, Sachsen, Deutschland"
Brixener Straße,Brixen,46.716413,11.657792,"Brixen - Bressanone, Eisacktal - Valle Isarco, Bolzano - Bozen, Trentino-Alto Adige/Südtirol, 39042, Italia"
Großenhainer Platz,Großenhain,51.2911845,13.5317153,"Großenhain, Meißen, Sachsen, 01558, Deutschland"
Prager Straße,Prag,50.0596288,14.4464593,"Praha, obvod Praha 4, Hlavní město Praha, Praha, Česko"
Altpestitz,Kleinpestitz,51.0173648,13.7351584,"Kleinpestitz, Plauen, Dresden, Sachsen, 01217, Deutschland"
Rähnitzer Winkel,Rähnitz,51.1189656,13.7371476,"Rähnitz, Klotzsche, Dresden, Sachsen, 01109, Deutschland"
Räcknitzer Marktweg,Räcknitz,51.0251896,13.7333866,"Räcknitz, Plauen, Dresden, Sachsen, 01069, Deutschland"
Bozener Weg,Bozen,46.6559455,11.2302129,"Bolzano - Bozen, Trentino-Alto Adige/Südtirol, Italia"
Nassauer Weg,Nasssau (Frauenstein Erzgebirge),,,
Räcknitzhöhe,Räcknitz,51.0251896,13.7333866,"Räcknitz, Plauen, Dresden, Sachsen, 01069, Deutschland"
Wilsdruffer Straße,Wilsdruff,51.0524125,13.5362765,"Wilsdruff, Sächsische Schweiz-Osterzgebirge, Sachsen, 01723, Deutschland"
Räcknitzstraße,Räcknitz,51.0251896,13.7333866,"Räcknitz, Plauen, Dresden, Sachsen, 01069, Deutschland"
Knappsdorfer Straße,Knappsdorf (Rähnitz),,,
Große Meißner Straße,Meißen,51.1630871,13.4704939,"Meißen, Sachsen, Deutschland"
Boderitzer Straße,Boderitz (Bannewitz),51.0001831,13.7144638,"Boderitz, Bannewitz, Sächsische Schweiz-Osterzgebirge, Sachsen, 01728, Deutschland"
Altmockritz,Mockritz,51.0148803,13.7417152,"Mockritz, Plauen, Dresden, Sachsen, 01217, Deutschland"
Bärnsdorfer Straße,Bärnsdorf (Radeburg),51.1633265,13.7312088,"Bärnsdorf, Radeburg, Meißen, Sachsen, 01471, Deutschland"
Rähnitzgasse,Rähnitz,51.1189656,13.7371476,"Rähnitz, Klotzsche, Dresden, Sachsen, 01109, Deutschland"
Naunhofer Weg,Naunhof (Ebersbach),51.2164364,13.6260807,"Naunhof, Ebersbach, Meißen, Sachsen, Deutschland"
Oberauer Straße,Oberau (Niederau),51.1847235,13.5567756,"Oberau, Großdobritzer Straße, Oberau, Niederau, Meißen, Sachsen, 01689, Deutschland"
Strehlener Straße,Strehlen (Dresden),51.0272848,13.7622097,"Strehlen, Prohlis, Dresden, Sachsen, Deutschland"
Ebersbacher Weg,Ebersbach (Großenhain),51.2722342,13.668478,"Cunnersdorf bei Großenhain, Bieberacher Straße, Cunnersdorf, Ebersbach, Meißen, Sachsen, 01561, Deutschland"
Niederauer Straße,Niederau,51.1769324,13.5438827,"Niederau, Meißen, Sachsen, Deutschland"
Berbisdorfer Straße,Berbisdorf (Radeburg),51.1898287,13.7243755,"Berbisdorf, Radeburg, Meißen, Sachsen, 01471, Deutschland"
Medinger Weg,Medingen (Ottendorf-Okrilla),51.1831197,13.7908409,"Medingen, Ottendorf-Okrilla, Bautzen - Budyšin, Sachsen, 01458, Deutschland"
Seifersdorfer Straße,Seifersdorf (Wachau),51.1587833,13.882655,"Seifersdorf, Wachau, Bautzen - Budyšin, Sachsen, 01454, Deutschland"
Niederauer Platz,Niederau,51.1769324,13.5438827,"Niederau, Meißen, Sachsen, Deutschland"
Friedersdorfer Weg,Friedersdorf (Weixdorf),51.1468455,13.8099642,"Friedersdorf, Weixdorf, Dresden, Sachsen, 01108, Deutschland"
Bärwalder Straße,Bärwalde (Radeburg),51.2021243,13.6724864,"Bärwalde, Radeburg, Meißen, Sachsen, Deutschland"
Rampische Straße,Ramwoltitz (Johannstadt),,,
Wilschdorfer Straße,Wilschdorf,51.1202022,13.7201701,"Wilschdorf, Klotzsche, Dresden, Sachsen, 01129, Deutschland"
Lausaer Straße,Lausa (Dresden),51.1518301,13.8069105,"Lausa, Weixdorf, Dresden, Sachsen, 01108, Deutschland"
Rähnitzer Allee,Rähnitz,51.1189656,13.7371476,"Rähnitz, Klotzsche, Dresden, Sachsen, 01109, Deutschland"
Würschnitzer Weg,Würschnitz,50.7520014,12.8210393,"Würschnitz, Jahnsdorf/Erzgebirge, Stollberg/Niederdorf, Erzgebirgskreis, Sachsen, Deutschland"
Ottendorfer Straße,Ottendorf (Ottendorf-Okrilla),51.1852084,13.8379255,"Ottendorf, Großokrilla, Ottendorf-Okrilla, Bautzen - Budyšin, Sachsen, 01458, Deutschland"
Lößnitzstraße,Oberlösnitz (Radebeul),,,
Babisnauer Straße,Babisnau,50.9739267,13.7608696,"Babisnau, Kreischa, Sächsische Schweiz-Osterzgebirge, Sachsen, 01731, Deutschland"
St.Petersburger Straße,Sankt Petersburg,59.9606739,30.1586551,"Санкт-Петербург, Северо-Западный федеральный округ, Россия"
Theisewitzer Straße,Theisewitz,50.9587062,13.7527669,"Theisewitz, Kreischa, Sächsische Schweiz-Osterzgebirge, Sachsen, 01731, Deutschland"
Welschhufer Straße,Welschhufe,50.9833161,13.704365,"Welschhufe, Bannewitz, Sächsische Schweiz-Osterzgebirge, Sachsen, 01728, Deutschland"
Metzer Straße,Metz,49.1196964,6.1763552,"Metz, Moselle, Grand Est, France métropolitaine, France"
Pirnaischer Platz,Pirnaisches Tor,51.047784,13.7449791,"Bürohaus Pirnaisches Tor, Lingnerallee, Pirnaische Vorstadt, Altstadt, Dresden, Sachsen, 01069, Deutschland"
Stetzscher Straße,Stetzsch,51.0814688,13.6578325,"Stetzsch, Cotta, Dresden, Sachsen, 01157, Deutschland"
Rippiener Straße,Rippien,50.9814946,13.7331279,"Rippien, Hänichen, Bannewitz, Sächsische Schweiz-Osterzgebirge, Sachsen, 01728, Deutschland"
Schwepnitzer Straße,Schwepnitz,51.3296398,13.9580134,"Schwepnitz, Bautzen - Budyšin, Sachsen, Deutschland"
Gostritzer Weg,Gostritz,51.0100849,13.7494315,"Gostritz, Plauen, Dresden, Sachsen, 01217, Deutschland"
Lausaer Weg,Lausa (Dresden),51.1518301,13.8069105,"Lausa, Weixdorf, Dresden, Sachsen, 01108, Deutschland"
Pirnaische Straße,Pirna,50.9616923,13.9386643,"Pirna, Sächsische Schweiz-Osterzgebirge, Sachsen, 01796, Deutschland"
Grunaer Straße,Gruna (Dresden),51.0332929,13.7864783,"Gruna, Blasewitz, Dresden, Sachsen, Deutschland"
Zschertnitzer Weg,Zschertnitz,51.022299,13.7452947,"Zschertnitz, Plauen, Dresden, Sachsen, 01217, Deutschland"
Strehlener Platz,Strehlen (Dresden),51.0272848,13.7622097,"Strehlen, Prohlis, Dresden, Sachsen, Deutschland"
Altgostritz,Gostritz,51.0100849,13.7494315,"Gostritz, Plauen, Dresden, Sachsen, 01217, Deutschland"
Königsbrücker Platz,Königsbrück,51.2637467,13.9028337,"Königsbrück, Bautzen - Budyšin, Sachsen, 01936, Deutschland"
Räcknitzer Weg,Räcknitz,51.0251896,13.7333866,"Räcknitz, Plauen, Dresden, Sachsen, 01069, Deutschland"
Pestitzer Weg,Kleinpestitz,51.0173648,13.7351584,"Kleinpestitz, Plauen, Dresden, Sachsen, 01217, Deutschland"
Seidnitzer Straße,Seidnitz,51.0275953,13.803068,"Seidnitz, Blasewitz, Dresden, Sachsen, 01277, Deutschland"
Rosentitzer Straße,Rosentitz,51.0025385,13.7322502,"Rosentitz, Bannewitz, Sächsische Schweiz-Osterzgebirge, Sachsen, 01217, Deutschland"
Eberswalder Straße,Eberswalde,52.8350807,13.7996542,"Eberswalde, Barnim, Brandenburg, Deutschland"
Pillnitzer Straße,Pillnitz,51.0126628,13.8713801,"Pillnitz, Loschwitz, Dresden, Sachsen, 01259, Deutschland"
Hoyerswerdaer Straße,Hoyerswerda,51.4333103,14.250083,"Hoyerswerda - Wojerecy, Bautzen - Budyšin, Sachsen, 02977, Deutschland"
Rothenburger Straße,Rothenburg/O.L.,51.3333094,14.9666932,"Rothenburg/Oberlausitz, Görlitz, Sachsen, 02929, Deutschland"
Rähnitzsteig,Rähnitz,51.1189656,13.7371476,"Rähnitz, Klotzsche, Dresden, Sachsen, 01109, Deutschland"
Eutschützer Straße,Eutschütz,50.9943272,13.7278527,"Eutschütz, Rosentitz, Bannewitz, Sächsische Schweiz-Osterzgebirge, Sachsen, 01728, Deutschland"
Moritzburger Weg,Moritzburg,51.1592018,13.6819406,"Moritzburg, Meißen, Sachsen, 01468, Deutschland"
Teplitzer Straße,Teplitz,50.6406644,13.8244461,"Teplice, okres Teplice, Ústecký kraj, Severozápad, Česko"
Görlitzer Straße,Görlitz,51.1563185,14.991018,"Görlitz, Sachsen, Deutschland"
Straßburger Platz,Straßburg,48.584614,7.7507127,"Strasbourg, Bas-Rhin, Collectivité européenne d'Alsace, Grand Est, France métropolitaine, France"
Seifhennersdorfer Straße,Seifhennersdorf,50.9346533,14.6092022,"Seifhennersdorf, Bertsdorf-Hörnitz, Görlitz, Sachsen, 02782, Deutschland"
Gostritzer Straße,Gostritz,51.0100849,13.7494315,"Gostritz, Plauen, Dresden, Sachsen, 01217, Deutschland"
Wiener Straße,Wien,48.2083537,16.3725042,"Wien, Österreich"
Volkersdorfer Weg,Volkersdorf (Radeburg),51.1468973,13.7403568,"Volkersdorf, Radeburg, Meißen, Sachsen, 01109, Deutschland"
Sebnitzer Straße,Sebnitz,50.97098,14.2727203,"Sebnitz, Sächsische Schweiz-Osterzgebirge, Sachsen, 01855, Deutschland"
Pulsnitzer Straße,Pulsnitz,51.1825771,14.0139733,"Pulsnitz, Bautzen - Budyšin, Sachsen, 01896, Deutschland"
Rähnitzer Straße,Rähnitz,51.1189656,13.7371476,"Rähnitz, Klotzsche, Dresden, Sachsen, 01109, Deutschland"
Schönfelder Straße,Schönfeld (Dresden),51.0337041,13.8948846,"Schönfeld, Schönfeld-Weißig, Dresden, Sachsen, 01328, Deutschland"
Kamenzer Straße,Kamenz,51.270139,14.0948628,"Kamenz - Kamjenc, Bautzen - Budyšin, Sachsen, Deutschland"
Golberoder Straße,Golberode (Bannewitz),50.9837891,13.7521794,"Golberode, Bannewitz, Sächsische Schweiz-Osterzgebirge, Sachsen, 01728, Deutschland"
Zschertnitzer Straße,Zschertnitz,51.022299,13.7452947,"Zschertnitz, Plauen, Dresden, Sachsen, 01217, Deutschland"
Kreischaer Straße,Kreischa,50.9453729,13.7601024,"Kreischa, Sächsische Schweiz-Osterzgebirge, Sachsen, 01731, Deutschland"
Bärenklauser Straße,Bärenklause,50.968738,13.7657138,"Bärenklause, Babisnau, Kreischa, Sächsische Schweiz-Osterzgebirge, Sachsen, 01731, Deutschland"
Marsdorfer Straße,Marsdorf,51.1630719,13.7681898,"Marsdorf, Dresden, Sachsen, 01108, Deutschland"
Mockritzer Straße,Mockritz,51.0148803,13.7417152,"Mockritz, Plauen, Dresden, Sachsen, 01217, Deutschland"
Bischofswerder Straße,Bischofswerda,51.1277815,14.1795516,"Bischofswerda, Bautzen - Budyšin, Sachsen, 01877, Deutschland"
Kleincarsdorfer Straße,Kleincarsdorf (Kreischa),50.9532501,13.7309516,"Kleincarsdorf, Kreischa, Sächsische Schweiz-Osterzgebirge, Sachsen, 01731, Deutschland"
Hohnsteiner Straße,Hohnstein,50.9797836,14.1111221,"Hohnstein, Sächsische Schweiz-Osterzgebirge, Sachsen, 01848, Deutschland"
Gombsener Straße,Gombsen (Kreischa),50.9522363,13.7790629,"Gombsen, Kreischa, Sächsische Schweiz-Osterzgebirge, Sachsen, 01731, Deutschland"
Altklotzsche,Klotzsche,51.1186284,13.7781539,"Klotzsche, Dresden, Sachsen, 01109, Deutschland"
Königsbrücker Straße,Königsbrück,51.2637467,13.9028337,"Königsbrück, Bautzen - Budyšin, Sachsen, 01936, Deutschland"
Lockwitzer Straße,Lockwitz,50.9872806,13.8062434,"Lockwitz, Prohlis, Dresden, Sachsen, 01257, Deutschland"
Klotzscher Weg,Klotzsche,51.1186284,13.7781539,"Klotzsche, Dresden, Sachsen, 01109, Deutschland"
Burgstädteler Straße,Burgstädtel (Dohna),50.9704539,13.7929057,"Burgstädtel, Dohna, Dohna-Müglitztal, Sächsische Schweiz-Osterzgebirge, Sachsen, 01239, Deutschland"
Neuostra,Neuostra,51.0148482,13.7644117,"Neuostra, Leubnitz-Neuostra, Prohlis, Dresden, Sachsen, 01219, Deutschland"
Wilmsdorfer Straße,Wilmsdorf (Bannewitz),50.9691523,13.7061705,"Wilmsdorf, Bannewitz, Sächsische Schweiz-Osterzgebirge, Sachsen, 01728, Deutschland"
Striesener Straße,Striesen,51.0434696,13.7860506,"Striesen, Blasewitz, Dresden, Sachsen, 01309, Deutschland"
Stolpener Straße,Stolpen,51.0492329,14.0830003,"Stolpen, Sächsische Schweiz-Osterzgebirge, Sachsen, 01833, Deutschland"
Klotzscher Berglehne,Klotzsche,51.1186284,13.7781539,"Klotzsche, Dresden, Sachsen, 01109, Deutschland"
Leubnitzer Höhe,Leubnitz,50.5142923,12.0186499,"Leubnitz, Rosenbach/Vogtland, Vogtlandkreis, Sachsen, 08539, Deutschland"
Goppelner Straße,Goppeln,50.9890185,13.7602835,"Goppeln, Bannewitz, Sächsische Schweiz-Osterzgebirge, Sachsen, 01219, Deutschland"
Altleubnitz,Leubnitz,50.5142923,12.0186499,"Leubnitz, Rosenbach/Vogtland, Vogtlandkreis, Sachsen, 08539, Deutschland"
Löbauer Straße,Löbau,51.0947288,14.6692423,"Löbau, Görlitz, Sachsen, 02708, Deutschland"
Medinger Straße,Medingen (Ottendorf-Okrilla),51.1831197,13.7908409,"Medingen, Ottendorf-Okrilla, Bautzen - Budyšin, Sachsen, 01458, Deutschland"
Zittauer Straße,Zittau,50.8960964,14.8064807,"Zittau, Bertsdorf-Hörnitz, Görlitz, Sachsen, Deutschland"
Boltenhagener Straße,Boltenhagen,53.9864246,11.205923,"Boltenhagen, Klützer Winkel, Nordwestmecklenburg, Mecklenburg-Vorpommern, 23946, Deutschland"
Bautzner Straße,Bautzen,51.1809132,14.4276003,"Bautzen, Bautzen - Budyšin, Sachsen, 02625, Deutschland"
Saalfelder Straße,Saalfeld/Saale,50.6479143,11.3610041,"Saalfeld/Saale, Kamsdorf, Landkreis Saalfeld-Rudolstadt, Thüringen, 07318, Deutschland"
Kauschaer Straße,Kauscha,50.9929409,13.7779251,"Kauscha, Prohlis, Dresden, Sachsen, 01239, Deutschland"
Ahlbecker Straße,Ahlbeck (Heringsdorf),53.9389644,14.1875511,"Ahlbeck, Heringsdorf, Vorpommern-Greifswald, Mecklenburg-Vorpommern, Deutschland"
Bansiner Straße,Bansin (Heringsdorf),53.9690358,14.1391435,"Bansin, Heringsdorf, Vorpommern-Greifswald, Mecklenburg-Vorpommern, 17429, Deutschland"
Klotzscher Hauptstraße,Klotzsche,51.1186284,13.7781539,"Klotzsche, Dresden, Sachsen, 01109, Deutschland"
Travemünder Straße,Travemünde (Lübeck),53.939609,10.8587192,"Travemünde, Lübeck, Schleswig-Holstein, 23570, Deutschland"
Lubminer Straße,Lubmin,54.1318409,13.612798,"Lubmin, Vorpommern-Greifswald, Mecklenburg-Vorpommern, Deutschland"
Marsdorfer Hauptstraße,Marsdorf,51.1630719,13.7681898,"Marsdorf, Dresden, Sachsen, 01108, Deutschland"
Wismarer Straße,Wismar,53.8909832,11.4647932,"Wismar, Nordwestmecklenburg, Mecklenburg-Vorpommern, Deutschland"
Greifswalder Straße,Greifswald,54.095791,13.3815238,"Greifswald, Vorpommern-Greifswald, Mecklenburg-Vorpommern, Deutschland"
Radeberger Straße,Radeberg,51.1151413,13.9175257,"Radeberg, Bautzen - Budyšin, Sachsen, 01454, Deutschland"
Karlshagener Weg,Karlshagen,54.1166965,13.8291312,"Karlshagen, Usedom-Nord, Vorpommern-Greifswald, Mecklenburg-Vorpommern, 17449, Deutschland"
Grunaer Weg,Gruna (Dresden),51.0332929,13.7864783,"Gruna, Blasewitz, Dresden, Sachsen, Deutschland"
Sonnensteinweg,Sonnenstein (Pirna),50.95688,13.9513544,"Sonnenstein, Pirna, Sächsische Schweiz-Osterzgebirge, Sachsen, 01796, Deutschland"
Alttorna,Torna (Dresden),51.007275,13.7780781,"Torna, Prohlis, Dresden, Sachsen, 01239, Deutschland"
Stralsunder Straße,Stralsund,54.3096314,13.0820846,"Stralsund, Vorpommern-Rügen, Mecklenburg-Vorpommern, Deutschland"
Kieler Straße,Kiel,54.3227085,10.135555,"Kiel, Schleswig-Holstein, Deutschland"
Blasewitzer Straße,Blasewitz,51.0521778,13.7990205,"Blasewitz, Dresden, Sachsen, Deutschland"
Tetschener Straße,Děčín,50.7824196,14.2147221,"Děčín, okres Děčín, Ústecký kraj, Severozápad, Česko"
Wormser Platz,Worms,49.6302618,8.3620898,"Worms, Rheinland-Pfalz, Deutschland"
Tornaer Ring,Torna (Dresden),51.007275,13.7780781,"Torna, Prohlis, Dresden, Sachsen, 01239, Deutschland"
Boltenhagener Platz,Boltenhagen,53.9864246,11.205923,"Boltenhagen, Klützer Winkel, Nordwestmecklenburg, Mecklenburg-Vorpommern, 23946, Deutschland"
Zinnowitzer Straße,Zinnowitz,54.076647,13.9089471,"Zinnowitz, Usedom-Nord, Vorpommern-Greifswald, Mecklenburg-Vorpommern, 17454, Deutschland"
Mansfelder Straße,Mansfeld,51.5929057,11.4529104,"Mansfeld, Mansfeld-Südharz, Sachsen-Anhalt, 06343, Deutschland"
Rostocker Straße,Rostock,54.0886707,12.1400211,"Rostock, Mecklenburg-Vorpommern, Deutschland"
Striesener Winkel,Striesen,51.0434696,13.7860506,"Striesen, Blasewitz, Dresden, Sachsen, 01309, Deutschland"
Geisingstraße,Geising,50.7564882,13.7938278,"Geising, Altenberg, Sächsische Schweiz-Osterzgebirge, Sachsen, 01778, Deutschland"
Merseburger Straße,Merseburg,51.3564413,11.996148,"Merseburg, Saalekreis, Sachsen-Anhalt, 06217, Deutschland"
Göhrener Weg,Göhren,54.3406599,13.7449147,"Göhren, Mönchgut-Granitz, Vorpommern-Rügen, Mecklenburg-Vorpommern, 18586, Deutschland"
Putbuser Weg,Putbus,54.3535322,13.4749134,"Putbus, Vorpommern-Rügen, Mecklenburg-Vorpommern, 18581, Deutschland"
Tornaer Straße,Torna (Dresden),51.007275,13.7780781,"Torna, Prohlis, Dresden, Sachsen, 01239, Deutschland"
Königswaldplatz,Klotzsche,51.1186284,13.7781539,"Klotzsche, Dresden, Sachsen, 01109, Deutschland"
Bielatalweg,Bielatal,50.8761145,14.0441401,"Bielatal, Rosenthal-Bielatal, Königstein/Sächs. Schw., Sächsische Schweiz-Osterzgebirge, Sachsen, 01824, Deutschland"
Selliner Straße,Sellin,54.3770567,13.6942765,"Sellin, Mönchgut-Granitz, Vorpommern-Rügen, Mecklenburg-Vorpommern, Deutschland"
Sagarder Weg,Sagard,54.5262226,13.5561327,"Sagard, Nord-Rügen, Vorpommern-Rügen, Mecklenburg-Vorpommern, Deutschland"
Papstdorfer Straße,Papstdorf (Gohrisch),50.8966988,14.1288202,"Papstdorf, Gohrisch, Königstein/Sächs. Schw., Sächsische Schweiz-Osterzgebirge, Sachsen, 01814, Deutschland"
Altgruna,Gruna (Dresden),51.0332929,13.7864783,"Gruna, Blasewitz, Dresden, Sachsen, Deutschland"
Postelwitzer Straße,Postelwitz (Bad Schandau),50.9140024,14.1700346,"Postelwitz, Ostrau, Krippen, Bad Schandau, Sächsische Schweiz-Osterzgebirge, Sachsen, 01814, Deutschland"
Dohnaer Platz,Dohna,50.955232,13.8587012,"Dohna, Dohna-Müglitztal, Sächsische Schweiz-Osterzgebirge, Sachsen, 01809, Deutschland"
Reicker Straße,Reick,51.0133206,13.7939453,"Reick, Prohlis, Dresden, Sachsen, 01237, Deutschland"
Königsbrücker Landstraße,Königsbrück,51.2637467,13.9028337,"Königsbrück, Bautzen - Budyšin, Sachsen, 01936, Deutschland"
Stendaler Straße,Stendal,52.6050782,11.8594279,"Stendal, Sachsen-Anhalt, 39576, Deutschland"
Altstriesen,Striesen,51.0434696,13.7860506,"Striesen, Blasewitz, Dresden, Sachsen, 01309, Deutschland"
Dohnaer Straße,Dohna,50.955232,13.8587012,"Dohna, Dohna-Müglitztal, Sächsische Schweiz-Osterzgebirge, Sachsen, 01809, Deutschland"
Wormser Straße,Worms,49.6302618,8.3620898,"Worms, Rheinland-Pfalz, Deutschland"
Kautzscher Straße,Kautzsch (Kreischa),50.9616519,13.7658578,"Kautzsch, Kleba, Kreischa, Sächsische Schweiz-Osterzgebirge, Sachsen, 01731, Deutschland"
Liebstädter Straße,Liebstadt,50.8634629,13.8570413,"Liebstadt, Bad Gottleuba-Berggießhübel, Sächsische Schweiz-Osterzgebirge, Sachsen, 01825, Deutschland"
Gomlitzer Höhe,Gomlitz,51.1513243,13.7912669,"Gomlitz, Weixdorf, Dresden, Sachsen, 01108, Deutschland"
Prossener Straße,Prossen (Bad Schandau),50.931162,14.1147956,"Prossen, Porschdorf, Bad Schandau, Sächsische Schweiz-Osterzgebirge, Sachsen, 01824, Deutschland"
Eilenburger Straße,Eilenburg,51.4586736,12.6344389,"Eilenburg, Nordsachsen, Sachsen, 04838, Deutschland"
Wolgaster Straße,Wolgast,54.0536473,13.7757809,"Wolgast, Am Peenestrom, Vorpommern-Greifswald, Mecklenburg-Vorpommern, 17438, Deutschland"
Altnickern,Nickern (Dresden),50.9942356,13.7874795,"Nickern, Prohlis, Dresden, Sachsen, 01239, Deutschland"
Alte Moritzburger Straße,Moritzburg,51.1592018,13.6819406,"Moritzburg, Meißen, Sachsen, 01468, Deutschland"
Ostrauer Straße,Ostrau (Bad Schandau),50.920524,14.1745622,"Ostrau, Bad Schandau, Sächsische Schweiz-Osterzgebirge, Sachsen, 01814, Deutschland"
Binzer Weg,Binz,54.4010291,13.6076477,"Binz, Vorpommern-Rügen, Mecklenburg-Vorpommern, 18609, Deutschland"
Bärenburger Weg,Bärenburg (Altenberg),50.7945663,13.7127316,"Oberbärenburg, Altenberg, Sächsische Schweiz-Osterzgebirge, Sachsen, 01773, Deutschland"
Ulberndorfer Weg,Ulberndorf,50.8764379,13.6750446,"Ulberndorf, Dippoldiswalde, Sächsische Schweiz-Osterzgebirge, Sachsen, 01744, Deutschland"
Gaustritzer Straße,Gaustritz,50.9825633,13.7646621,"Gaustritz, Bannewitz, Sächsische Schweiz-Osterzgebirge, Sachsen, 01239, Deutschland"
Zschachwitzer Straße,Zschachwitz,51.009631,13.854418,"Kleinzschachwitz, Leuben, Dresden, Sachsen, 01259, Deutschland"
Sobrigauer Weg,Sobrigau (Kreischa),50.9797229,13.7837048,"Sobrigau, Kreischa, Sächsische Schweiz-Osterzgebirge, Sachsen, 01239, Deutschland"
Langebrücker Straße,Langebrück,51.1313939,13.8409193,"Langebrück, Dresden, Sachsen, 01465, Deutschland"
Radeburger Landstraße,Radeburg,51.2149248,13.7241174,"Radeburg, Meißen, Sachsen, 01471, Deutschland"
Gomlitzer Querweg,Gomlitz,51.1513243,13.7912669,"Gomlitz, Weixdorf, Dresden, Sachsen, 01108, Deutschland"
Wittenberger Straße,Wittenberg,51.8666527,12.646761,"Wittenberg, Sachsen-Anhalt, Deutschland"
Ruppendorfer Weg,Ruppendorf (Klingenberg),50.9088387,13.5997776,"Ruppendorf, Klingenberg, Sächsische Schweiz-Osterzgebirge, Sachsen, 01738, Deutschland"
Schandauer Straße,Bad Schandau,50.918091,14.1534018,"Bad Schandau, Sächsische Schweiz-Osterzgebirge, Sachsen, 01814, Deutschland"
Rähnitzer Mühlweg,Rähnitz,51.1189656,13.7371476,"Rähnitz, Klotzsche, Dresden, Sachsen, 01109, Deutschland"
Augsburger Straße,Augsburg,48.3690341,10.8979522,"Augsburg, Bayern, Deutschland"
Prohliser Straße,Prohlis,51.0066538,13.7930626,"Prohlis, Dresden, Sachsen, 01239, Deutschland"
Glashütter Straße,Glashütte,50.8502095,13.7766767,"Glashütte, Sächsische Schweiz-Osterzgebirge, Sachsen, 01768, Deutschland"
Hirschbacher Weg,Hirschbach (Glashütte),50.9069344,13.7432157,"Hirschbach, Glashütte, Sächsische Schweiz-Osterzgebirge, Sachsen, 01768, Deutschland"
Bodenbacher Straße,Podmokly (Děčín),50.7747257,14.1982579,"Podmokly, Děčín, okres Děčín, Ústecký kraj, Severozápad, Česko"
Wolkensteiner Straße,Wolkenstein (Sachsen),50.6557148,13.0664608,"Wolkenstein, Erzgebirgskreis, Sachsen, 09429, Deutschland"
Borthener Straße,Borthen (Dohna),50.9696158,13.8016583,"Borthen, Dohna, Dohna-Müglitztal, Sächsische Schweiz-Osterzgebirge, Sachsen, 01239, Deutschland"
Vetschauer Straße,Vetschau/Spreewald,51.7826993,14.0747958,"Vetschau/Spreewald, Oberspreewald-Lausitz - Górne Błota-Łužyca, Brandenburg, 03226, Deutschland"
Altreick,Reick,51.0133206,13.7939453,"Reick, Prohlis, Dresden, Sachsen, 01237, Deutschland"
Altweixdorf,Weixdorf,51.1528007,13.7916658,"Weixdorf, Dresden, Sachsen, 01108, Deutschland"
Nickerner Straße,Nickern (Dresden),50.9942356,13.7874795,"Nickern, Prohlis, Dresden, Sachsen, 01239, Deutschland"
Frauensteiner Platz,Frauenstein,50.8024134,13.5382248,"Frauenstein, Mittelsachsen, Sachsen, Deutschland"
Altgomlitz,Gomlitz,51.1513243,13.7912669,"Gomlitz, Weixdorf, Dresden, Sachsen, 01108, Deutschland"
Lübbenauer Straße,Lübbenau,51.8680114,13.9689477,"Lübbenau/Spreewald, Oberspreewald-Lausitz - Górne Błota-Łužyca, Brandenburg, 03222, Deutschland"
Loschwitzer Straße,Loschwitz,51.0555235,13.8154546,"Loschwitz, Dresden, Sachsen, 01277, Deutschland"
Nickerner Platz,Nickern (Dresden),50.9942356,13.7874795,"Nickern, Prohlis, Dresden, Sachsen, 01239, Deutschland"
Uttewalder Straße,Uttewalde (Lohmen),50.9767624,14.0310288,"Uttewalde, Lohmen, Lohmen/Stadt Wehlen, Sächsische Schweiz-Osterzgebirge, Sachsen, 01829, Deutschland"
Wittgensdorfer Straße,Wittgensdorf (Kreischa),50.9393948,13.796119,"Wittgensdorf, Kreischa, Sächsische Schweiz-Osterzgebirge, Sachsen, 01731, Deutschland"
Liebethaler Weg,Liebethal (Pirna),50.9986432,13.9585538,"Liebethal, Pirna, Sächsische Schweiz-Osterzgebirge, Sachsen, 01796, Deutschland"
Gubener Straße,Guben,51.9503235,14.7153567,"Guben, Spree-Neiße - Sprjewja-Nysa, Brandenburg, 03172, Deutschland"
Nickerner Weg,Nickern (Dresden),50.9942356,13.7874795,"Nickern, Prohlis, Dresden, Sachsen, 01239, Deutschland"
Herzberger Straße,Herzberg (Elster),51.6924078,13.2358585,"Herzberg (Elster), Elbe-Elster, Brandenburg, 04916, Deutschland"
Eibenstocker Straße,Eibenstock,50.4951715,12.5983957,"Eibenstock, Erzgebirgskreis, Sachsen, 08309, Deutschland"
Berzdorfer Straße,Berzdorf auf dem Eigen,51.0474279,14.8269241,"Bernstadt auf dem Eigen, Bernstadt / Schönau-Berzdorf, Görlitz, Sachsen, 02748, Deutschland"
Klebaer Straße,Kleba (Kreischa),50.9618288,13.7544258,"Kleba, Kreischa, Sächsische Schweiz-Osterzgebirge, Sachsen, 01731, Deutschland"
Prohliser Allee,Prohlis,51.0066538,13.7930626,"Prohlis, Dresden, Sachsen, 01239, Deutschland"
Brühler Straße,Brühl,50.8291313,6.9037057,"Brühl, Rhein-Erft-Kreis, Nordrhein-Westfalen, 50321, Deutschland"
Seidnitzer Weg,Seidnitz,51.0275953,13.803068,"Seidnitz, Blasewitz, Dresden, Sachsen, 01277, Deutschland"
Trattendorfer Straße,Trattendorf,51.5488586,14.3760271,"Trattendorf - Dubrawa, Spremberg, Spree-Neiße - Sprjewja-Nysa, Brandenburg, 03130, Deutschland"
Gottleubaer Straße,Bad Gottleuba (Bad Gottleuba-Berggießhübel),50.851423,13.9445243,"Bad Gottleuba, Bad Gottleuba-Berggießhübel, Sächsische Schweiz-Osterzgebirge, Sachsen, 01816, Deutschland"
Gorknitzer Straße,Gorknitz (Kreischa),,,
Elsterwerdaer Straße,Elsterwerda,51.4614993,13.5204883,"Elsterwerda, Elbe-Elster, Brandenburg, 04910, Deutschland"
Fürstenwalder Straße,Fürstenwalde (Altenberg),50.76058,13.8681537,"Fürstenwalde, Altenberg, Sächsische Schweiz-Osterzgebirge, Sachsen, 01778, Deutschland"
Eisenacher Straße,Eisenach,50.9747134,10.3193565,"Eisenach, Wartburgkreis, Thüringen, 99817, Deutschland"
Alte Dresdner Straße,Dresden,51.0493286,13.7381437,"Dresden, Sachsen, Deutschland"
Finsterwalder Straße,Finsterwalde,51.6315282,13.707358,"Finsterwalde, Elbe-Elster, Brandenburg, 03238, Deutschland"
Bärensteiner Straße,Bärenstein,50.498968,13.0282091,"Bärenstein, Erzgebirgskreis, Sachsen, Deutschland"
Lauensteiner Straße,Lauenstein (Altenberg),50.7836648,13.8229917,"Lauenstein, Altenberg, Sächsische Schweiz-Osterzgebirge, Sachsen, 01778, Deutschland"
Moritzburg-Pillnitzer Weg,"Moritzburg, Pillnitz",,,
Zinnwalder Straße,Zinnwald-Georgenfeld (Altenberg),50.7361363,13.7638353,"Zinnwald-Georgenfeld, Altenberg, Sächsische Schweiz-Osterzgebirge, Sachsen, 01773, Deutschland"
Altseidnitz,Seidnitz,51.0275953,13.803068,"Seidnitz, Blasewitz, Dresden, Sachsen, 01277, Deutschland"
Boxberger Straße,Boxberg/O.L.,51.3879337,14.58739,"Boxberg/O.L. - Hamor, Görlitz, Sachsen, 02943, Deutschland"
Mügelner Straße,Mügeln (Heidenau),50.9815969,13.8581167,"Heidenau, Güterbahnhofstraße, Gommern, Heidenau, Sächsische Schweiz-Osterzgebirge, Sachsen, 01809, Deutschland"
Schmiedeberger Straße,Schmiedeberg (Dippoldiswalde),50.8349379,13.6794256,"Schmiedeberg (Erzgebirge), Naundorf, Dippoldiswalde, Sächsische Schweiz-Osterzgebirge, Sachsen, Deutschland"
Dobritzer Straße,Dobritz (Dresden),51.0156278,13.811801,"Dobritz, Blasewitz, Dresden, Sachsen, 01257, Deutschland"
Spremberger Straße,Spremberg,51.5714513,14.3804302,"Spremberg, Spree-Neiße - Sprjewja-Nysa, Brandenburg, 03130, Deutschland"
Schellerhauer Weg,Schellerhau,50.7709529,13.6941917,"Schellerhau, Altenberg, Sächsische Schweiz-Osterzgebirge, Sachsen, Deutschland"
Senftenberger Straße,Senftenberg,51.519201,14.0046541,"Senftenberg - Zły Komorow, Oberspreewald-Lausitz - Górne Błota-Łužyca, Brandenburg, Deutschland"
Maxener Straße,Maxen,50.9251208,13.8016064,"Maxen, Müglitztal, Dohna-Müglitztal, Sächsische Schweiz-Osterzgebirge, Sachsen, 01809, Deutschland"
Altenberger Straße,Altenberg,50.766598,13.7523234,"Altenberg, Sächsische Schweiz-Osterzgebirge, Sachsen, Deutschland"
Striesener Weg,Striesen,51.0434696,13.7860506,"Striesen, Blasewitz, Dresden, Sachsen, 01309, Deutschland"
Liebenauer Straße,Liebenau (Altenberg),50.7876039,13.8539649,"Liebenau, Altenberg, Sächsische Schweiz-Osterzgebirge, Sachsen, 01778, Deutschland"
Röhrsdorfer Straße,Röhrsdorf (Dohna),50.96482,13.8075851,"Röhrsdorf, Dohna, Dohna-Müglitztal, Sächsische Schweiz-Osterzgebirge, Sachsen, 01257, Deutschland"
Kipsdorfer Straße,Kipsdorf,50.8041139,13.6754553,"Kipsdorf, Otto-Schmidt-Straße, Oberkipsdorf, Kurort Kipsdorf, Altenberg, Sächsische Schweiz-Osterzgebirge, Sachsen, 01773, Deutschland"
Altenberger Platz,Altenberg,50.766598,13.7523234,"Altenberg, Sächsische Schweiz-Osterzgebirge, Sachsen, Deutschland"
Hellendorfer Straße,Hellendorf (Gottleuba-Berggießhübel),50.8255028,13.968146,"Hellendorf, Bad Gottleuba-Berggießhübel, Sächsische Schweiz-Osterzgebirge, Sachsen, 01816, Deutschland"
Schlottwitzer Straße,Schlottwitz (Glashütte),50.885238,13.8131561,"Schlottwitz, Glashütte, Sächsische Schweiz-Osterzgebirge, Sachsen, 01768, Deutschland"
Gersdorfer Weg,Gersdorf (Bahretal),50.879855,13.9098082,"Gersdorf, Bahretal, Bad Gottleuba-Berggießhübel, Sächsische Schweiz-Osterzgebirge, Sachsen, 01819, Deutschland"
Niedersedlitzer Straße,Niedersedlitz,50.9989308,13.8145926,"Niedersedlitz, Prohlis, Dresden, Sachsen, 01257, Deutschland"
Altfriedersdorf,Friedersdorf (Weixdorf),51.1468455,13.8099642,"Friedersdorf, Weixdorf, Dresden, Sachsen, 01108, Deutschland"
Breitenauer Straße,Breitenau ( Bad Gottleuba-Berggießhübel),50.8066175,13.8924364,"Breitenau, Bad Gottleuba-Berggießhübel, Sächsische Schweiz-Osterzgebirge, Sachsen, Deutschland"
Hausdorfer Straße,Hausdorf (Glashütte),50.9080329,13.7876389,"Hausdorf, Glashütte, Sächsische Schweiz-Osterzgebirge, Sachsen, 01768, Deutschland"
Altlockwitz,Lockwitz,50.9872806,13.8062434,"Lockwitz, Prohlis, Dresden, Sachsen, 01257, Deutschland"
Mühlbacher Straße,Mühlbach (Müglitztal),50.9129275,13.8169487,"Mühlbach, Müglitztal, Dohna-Müglitztal, Sächsische Schweiz-Osterzgebirge, Sachsen, 01809, Deutschland"
Hermsdorfer Allee,Hermsdorf (Ottendorf-Okrilla),51.1668469,13.8205856,"Hermsdorf, Ottendorf-Okrilla, Bautzen - Budyšin, Sachsen, 01458, Deutschland"
Aussiger Straße,Aussig (Tschechien),50.6603327,14.0381357,"Ústí nad Labem, okres Ústí nad Labem, Ústecký kraj, Severozápad, Česko"
Göppersdorfer Weg,Göppersdorf (Bahretal),50.8612015,13.8913327,"Göppersdorf, Bahretal, Bad Gottleuba-Berggießhübel, Sächsische Schweiz-Osterzgebirge, Sachsen, 01819, Deutschland"
Dittersdorfer Straße,Dittersdorf (Glashütte),50.8283527,13.8061124,"Dittersdorf, Glashütte, Sächsische Schweiz-Osterzgebirge, Sachsen, 01768, Deutschland"
Loschwitzer Brücke,Loschwitz,51.0555235,13.8154546,"Loschwitz, Dresden, Sachsen, 01277, Deutschland"
Johnsbacher Weg,Johnsbach (Glashütte),50.8290486,13.7473583,"Johnsbach, Glashütte, Sächsische Schweiz-Osterzgebirge, Sachsen, 01768, Deutschland"
Friedersdorfer Waldweg,Friedersdorf (Weixdorf),51.1468455,13.8099642,"Friedersdorf, Weixdorf, Dresden, Sachsen, 01108, Deutschland"
Altdobritz,Dobritz (Dresden),51.0156278,13.811801,"Dobritz, Blasewitz, Dresden, Sachsen, 01257, Deutschland"
Falkenhainer Straße,Falkenhain (Müglitztal),50.9386498,13.8484037,"Falkenhain, Müglitztal, Dohna-Müglitztal, Sächsische Schweiz-Osterzgebirge, Sachsen, 01809, Deutschland"
Grünberger Straße (WX),Grünberg (Ottendorf-Okrilla),51.1627611,13.8400805,"Grünberg, Ottendorf-Okrilla, Bautzen - Budyšin, Sachsen, Deutschland"
Bornaer Weg,Borna,51.1241649,12.4999055,"Borna, Landkreis Leipzig, Sachsen, 04552, Deutschland"
Berthelsdorfer Weg,Berthelsdorf (Liebstadt),50.8566468,13.8393874,"Berthelsdorf, Liebstadt, Bad Gottleuba-Berggießhübel, Sächsische Schweiz-Osterzgebirge, Sachsen, 01825, Deutschland"
Wölkauer Straße,Wölkau (Heidenau),50.9739442,13.8309315,"Wölkau, Heidenau, Sächsische Schweiz-Osterzgebirge, Sachsen, 01809, Deutschland"
Berggießhübler Straße,Berggießhübel (Bad Gottleuba-Berggießhübel),50.8737844,13.9480113,"Berggießhübel, Bad Gottleuba-Berggießhübel, Sächsische Schweiz-Osterzgebirge, Sachsen, 01816, Deutschland"
Lausaer Höhe,Lausa (Dresden),51.1518301,13.8069105,"Lausa, Weixdorf, Dresden, Sachsen, 01108, Deutschland"
Friedrichswalder Straße,Friedrichswalde (Bahretal),50.8996526,13.9056099,"Friedrichswalde, Bahretal, Bad Gottleuba-Berggießhübel, Sächsische Schweiz-Osterzgebirge, Sachsen, 01819, Deutschland"
Markersbacher Weg,Markersbach (Bad Gottleuba-Berggießhübel),50.8382842,13.9857526,"Markersbach, Bad Gottleuba-Berggießhübel, Sächsische Schweiz-Osterzgebirge, Sachsen, 01816, Deutschland"
Löwenhainer Straße,Löwenhain,50.7614478,13.8202129,"Löwenhain, Altenberg, Sächsische Schweiz-Osterzgebirge, Sachsen, 01778, Deutschland"
Neudobritzer Weg,Dobritz (Dresden),51.0156278,13.811801,"Dobritz, Blasewitz, Dresden, Sachsen, 01257, Deutschland"
Reichenauer Weg,Reichenau (Hartmannsdorf-Reichenau),50.7946809,13.5786469,"Reichenau, Hartmannsdorf-Reichenau, Klingenberg, Sächsische Schweiz-Osterzgebirge, Sachsen, 01762, Deutschland"
Köttewitzer Straße,Köttewitz,50.9388909,13.8723513,"Köttewitz, Dohna, Dohna-Müglitztal, Sächsische Schweiz-Osterzgebirge, Sachsen, 01809, Deutschland"
Jessener Straße,Jessen (Pirna),50.991008,13.9459917,"Jessen, Pirna, Sächsische Schweiz-Osterzgebirge, Sachsen, 01796, Deutschland"
Dobritzer Weg,Dobritz (Dresden),51.0156278,13.811801,"Dobritz, Blasewitz, Dresden, Sachsen, 01257, Deutschland"
Kleinborthener Straße,Kleinborthen (Borthen),,,
Helfenberger Straße,Helfenberg (Dresden),51.0371873,13.8651519,"Helfenberg, Schönfeld-Weißig, Dresden, Sachsen, 01328, Deutschland"
Tolkewitzer Straße,Tolkewitz,51.0319811,13.8223508,"Tolkewitz, Blasewitz, Dresden, Sachsen, 01279, Deutschland"
Wehlener Straße,Stadt Wehlen,50.957091,14.0307534,"Wehlen, Lohmen/Stadt Wehlen, Sächsische Schweiz-Osterzgebirge, Sachsen, 01829, Deutschland"
Marienberger Straße,Marienberg,50.6507279,13.163188,"Marienberg, Erzgebirgskreis, Sachsen, 09496, Deutschland"
Gommernsche Straße,Gommern (Heidenau),50.9815969,13.8581167,"Heidenau, Güterbahnhofstraße, Gommern, Heidenau, Sächsische Schweiz-Osterzgebirge, Sachsen, 01809, Deutschland"
Niederseidewitzer Weg,Niederseidewitz (Bahretal),50.9214318,13.9033417,"Niederseidewitz, Bahretal, Bad Gottleuba-Berggießhübel, Sächsische Schweiz-Osterzgebirge, Sachsen, 01819, Deutschland"
Crottendorfer Straße,Crottendorf,50.5169333,12.947132,"Crottendorf, Erzgebirgskreis, Sachsen, 09474, Deutschland"
Radeberger Weg,Radeberg,51.1151413,13.9175257,"Radeberg, Bautzen - Budyšin, Sachsen, 01454, Deutschland"
Lengefelder Straße,Lengefeld (Pockau-Lengefeld),50.7243956,13.1917113,"Lengefeld, Pockau-Lengefeld, Erzgebirgskreis, Sachsen, 09514, Deutschland"
Sosaer Straße,Sosa (Eibenstock),50.4992553,12.6520659,"Sosa, Eibenstock, Erzgebirgskreis, Sachsen, Deutschland"
Neundorfer Straße,Neundorf (Pirna),50.9168934,13.9798631,"Neundorf, Krietzschwitz, Pirna, Sächsische Schweiz-Osterzgebirge, Sachsen, Deutschland"
Am Heidehof,Heidehof,51.1277301,13.8225849,"Heidehof, Langebrück, Dresden, Sachsen, 01465, Deutschland"
Köttewitzer Weg,Köttewitz,50.9388909,13.8723513,"Köttewitz, Dohna, Dohna-Müglitztal, Sächsische Schweiz-Osterzgebirge, Sachsen, 01809, Deutschland"
Saydaer Straße,Sayda,50.7124239,13.4193688,"Sayda, Sayda/Dorfchemnitz, Mittelsachsen, Sachsen, Deutschland"
Birkwitzer Weg,Birkwitz,50.9798791,13.8888737,"Birkwitz, Birkwitz-Pratzschwitz, Pirna, Sächsische Schweiz-Osterzgebirge, Sachsen, Deutschland"
Mockethaler Straße,Mockethal,50.9736734,13.9587007,"Mockethal, Pirna, Sächsische Schweiz-Osterzgebirge, Sachsen, 01796, Deutschland"
Großsedlitzer Weg,Großsedlitz (Heidenau),50.9524444,13.8868594,"Großsedlitz, Heidenau, Sächsische Schweiz-Osterzgebirge, Sachsen, 01809, Deutschland"
Kipsdorfer Weg,Kipsdorf,50.8041139,13.6754553,"Kipsdorf, Otto-Schmidt-Straße, Oberkipsdorf, Kurort Kipsdorf, Altenberg, Sächsische Schweiz-Osterzgebirge, Sachsen, 01773, Deutschland"
Rottwerndorfer Straße,Rottwerndorf (Pirna),50.9246168,13.9620763,"Rottwerndorf, Krietzschwitz, Pirna, Sächsische Schweiz-Osterzgebirge, Sachsen, 01796, Deutschland"
Mühlsdorfer Weg,Mühlsdorf (Lohmen),50.9953966,13.9872946,"Mühlsdorf, Lohmen, Lohmen/Stadt Wehlen, Sächsische Schweiz-Osterzgebirge, Sachsen, 01847, Deutschland"
Reichenhaller Straße,Reichenhall,47.7222676,12.8760923,"Bad Reichenhall, Landkreis Berchtesgadener Land, Bayern, 83435, Deutschland"
Hallstätter Straße,Hallstatt,47.5621698,13.6486697,"Hallstatt, Bezirk Gmunden, Oberösterreich, 4830, Österreich"
Pfaffendorfer Straße,Pfaffendorf (Königstein),50.9074561,14.0812291,"Pfaffendorf, Königstein, Königstein/Sächs. Schw., Sächsische Schweiz-Osterzgebirge, Sachsen, 01824, Deutschland"
Berchtesgadener Straße,Berchtesgaden,47.6330221,13.0020051,"Berchtesgaden, Landkreis Berchtesgadener Land, Bayern, 83471, Deutschland"
Neulußheimer Straße,Neulußheim,49.2936758,8.5220709,"Neulußheim, Verwaltungsgemeinschaft Hockenheim, Rhein-Neckar-Kreis, Baden-Württemberg, 68809, Deutschland"
Altleuben,Leuben,51.0106334,13.8270795,"Leuben, Dresden, Sachsen, 01279, Deutschland"
Lungkwitzer Straße,Lungkwitz,50.9318595,13.7753341,"Lungkwitz, Kreischa, Sächsische Schweiz-Osterzgebirge, Sachsen, 01731, Deutschland"
Niedersedlitzer Platz,Niedersedlitz,50.9989308,13.8145926,"Niedersedlitz, Prohlis, Dresden, Sachsen, 01257, Deutschland"
Laubegaster Weg,Laubegast,51.0233708,13.8379982,"Laubegast, Leuben, Dresden, Sachsen, 01279, Deutschland"
Dresdner Straße (LB),Dresden,51.0493286,13.7381437,"Dresden, Sachsen, Deutschland"
Lugaer Straße,Luga (Dresden),50.9855988,13.8319782,"Luga, Lugaer Straße, Lockwitz, Großluga, Prohlis, Dresden, Sachsen, 01259, Deutschland"
Salzburger Straße,Salzburg,47.7981346,13.0464806,"Salzburg, 5020, Österreich"
Eisenstädter Weg,Eisenstadt (Österreich),47.8454821,16.5249288,"Eisenstadt, Burgenland, Österreich"
Seefelder Weg,Seefeld in Tirol,47.3289241,11.1867187,"Seefeld in Tirol, Bezirk Innsbruck-Land, Tirol, 6100, Österreich"
Bregenzer Weg,Bregenz,47.5025779,9.7472924,"Bregenz, Bezirk Bregenz, Vorarlberg, Österreich"
St.Pöltener Weg,St. Pölten,48.2043985,15.6229118,"St. Pölten, Niederösterreich, Österreich"
Krebser Straße,Krebs (Dohna),50.9368094,13.891582,"Krebs, Dohna, Dohna-Müglitztal, Sächsische Schweiz-Osterzgebirge, Sachsen, 01809, Deutschland"
Meusegaster Straße,Meusegast (Dohna),50.9294817,13.8785306,"Meusegast, Dohna, Dohna-Müglitztal, Sächsische Schweiz-Osterzgebirge, Sachsen, 01809, Deutschland"
Gmünder Straße,Gmünd in Kärnten,46.9065611,13.5359844,"Gmünd in Kärnten, Bezirk Spittal an der Drau, Kärnten, 9853, Österreich"
Brünner Straße,Brünn,49.1922443,16.6113382,"Brno, okres Brno-město, Jihomoravský kraj, Jihovýchod, Česko"
Klagenfurter Straße,Klagenfurt am Wörthersee,46.623943,14.3075976,"Klagenfurt am Wörthersee, Kärnten, Österreich"
Friesacher Weg,Friesach,46.9520636,14.4052266,"Friesach, Bezirk St. Veit an der Glan, Kärnten, 9360, Österreich"
Alttolkewitz,Tolkewitz,51.0319811,13.8223508,"Tolkewitz, Blasewitz, Dresden, Sachsen, 01279, Deutschland"
Villacher Straße,Villach,46.6167284,13.8500268,"Villach, Kärnten, Österreich"
Eichigtweg,Eichigt,50.3645048,12.1751371,"Eichigt, Verwaltungsgemeinschaft Oelsnitz/Vogtl., Vogtlandkreis, Sachsen, Deutschland"
Altwachwitz,Wachwitz,51.0382067,13.8314672,"Wachwitz, Loschwitz, Dresden, Sachsen, 01326, Deutschland"
Leubener Straße,Leuben,51.0106334,13.8270795,"Leuben, Dresden, Sachsen, 01279, Deutschland"
Wachwitzblick,Wachwitz,51.0382067,13.8314672,"Wachwitz, Loschwitz, Dresden, Sachsen, 01326, Deutschland"
Klotzscher Straße,Klotzsche,51.1186284,13.7781539,"Klotzsche, Dresden, Sachsen, 01109, Deutschland"
Weißer-Hirsch-Straße,Weißer Hirsch,51.0641586,13.8226878,"Weißer Hirsch, Loschwitz, Dresden, Sachsen, 01324, Deutschland"
Heidenauer Straße,Heidenau,50.9735851,13.8753917,"Heidenau, Sächsische Schweiz-Osterzgebirge, Sachsen, Deutschland"
Troppauer Straße,Opava,49.9389004,17.9024174,"Opava, okres Opava, Moravskoslezský kraj, Moravskoslezsko, Česko"
Niederpoyritzer Straße,Niederpoyritz,51.0299881,13.8456531,"Niederpoyritz, Loschwitz, Dresden, Sachsen, 01326, Deutschland"
Leubener Weg,Leuben,51.0106334,13.8270795,"Leuben, Dresden, Sachsen, 01279, Deutschland"
Pirnaer Landstraße,Pirna,50.9616923,13.9386643,"Pirna, Sächsische Schweiz-Osterzgebirge, Sachsen, 01796, Deutschland"
Grazer Straße,Graz,47.0708678,15.4382786,"Graz, Steiermark, Österreich"
Schmilkaer Straße,Schmilka,50.8917065,14.2311616,"Schmilka, Bad Schandau, Sächsische Schweiz-Osterzgebirge, Sachsen, Deutschland"
Laibacher Straße,Ljubljana,46.0500268,14.5069289,"Ljubljana, Upravna Enota Ljubljana, Slovenija"
Kleinlugaer Straße,Kleinluga,50.9827084,13.8303387,"Kleinluga, Prohlis, Dresden, Sachsen, 01259, Deutschland"
Marburger Straße,Maribor,46.5576439,15.6455854,"Maribor, Slovenija"
Lugaer Platz,Luga,58.735699,29.8475013,"Луга, Лужское городское поселение, Лужский район, Ленинградская область, Северо-Западный федеральный округ, 188230, Россия"
Neugersdorfer Straße,Neugersdorf (Ebersbach-Neugersdorf),50.9820763,14.6096875,"Neugersdorf, Ebersbach-Neugersdorf, Görlitz, Sachsen, 02727, Deutschland"
Rathener Straße,Rathen,50.958235,14.0824651,"Rathen, Königstein/Sächs. Schw., Sächsische Schweiz-Osterzgebirge, Sachsen, Deutschland"
Bosewitzer Straße,Bosewitz,50.9660395,13.8304865,"Bosewitz, Gorknitz, Dohna, Dohna-Müglitztal, Sächsische Schweiz-Osterzgebirge, Sachsen, 01809, Deutschland"
Linzer Straße,Linz,48.3059078,14.286198,"Linz, Oberösterreich, Österreich"
Iglauer Straße,Jihlava,49.396064,15.5903065,"Jihlava, okres Jihlava, Kraj Vysočina, Jihovýchod, Česko"
Schönaer Straße,Schöna (Reinhardtsdorf-Schöna),50.8842433,14.2139911,"Schöna, Reinhardtsdorf-Schöna, Bad Schandau, Sächsische Schweiz-Osterzgebirge, Sachsen, Deutschland"
Eibauer Straße,Eibau (Kottmar),50.980463,14.6649813,"Eibau, Kottmar, Bertsdorf-Hörnitz, Görlitz, Sachsen, 02739, Deutschland"
Altlaubegast,Laubegast,51.0233708,13.8379982,"Laubegast, Leuben, Dresden, Sachsen, 01279, Deutschland"
Hermannstädter Straße,Hermannstadt (Rumänien),45.7973912,24.1519202,"Sibiu, România"
Ischler Straße,Bad Ischl,47.7115299,13.6239333,"Bad Ischl, Bezirk Gmunden, Oberösterreich, 4820, Österreich"
Jonsdorfer Straße,Jonsdorf,50.8553728,14.7022916,"Jonsdorf, Olbersdorf, Görlitz, Sachsen, 02796, Deutschland"
Kronstädter Platz,Kronstadt,45.6525105,25.6105654,"Brașov, Zona Metropolitană Brașov, Brașov, România"
Laubegaster Ufer,Laubegast,51.0233708,13.8379982,"Laubegast, Leuben, Dresden, Sachsen, 01279, Deutschland"
Rosenthaler Straße,Rosenthal (Rosenthal-Bielatal),50.8466388,14.0619677,"Rosenthal, Rosenthal-Bielatal, Königstein/Sächs. Schw., Sächsische Schweiz-Osterzgebirge, Sachsen, Deutschland"
Oberwachwitzer Weg,Wachwitz,51.0382067,13.8314672,"Wachwitz, Loschwitz, Dresden, Sachsen, 01326, Deutschland"
Kleinzschachwitzer Straße,Kleinzschachwitz,51.009631,13.854418,"Kleinzschachwitz, Leuben, Dresden, Sachsen, 01259, Deutschland"
Klausenburger Straße,Cluj-Napoca,46.769379,23.5899542,"Cluj-Napoca, Zona Metropolitană Cluj, Cluj, România"
Radeberger Landstraße,Radeberg,51.1151413,13.9175257,"Radeberg, Bautzen - Budyšin, Sachsen, 01454, Deutschland"
Neubühlauer Straße,Bühlau,51.0625884,13.8511298,"Bühlau, Loschwitz, Dresden, Sachsen, 01324, Deutschland"
Großzschachwitzer Straße,Großzschachwitz,51.0015845,13.8391166,"Großzschachwitz, Leuben, Dresden, Sachsen, 01259, Deutschland"
Wetroer Straße,Wetro (Puschwitz),51.2500989,14.2920112,"Puschwitz - Bóšicy, Wetro - Wětrow, Neschwitz - Njeswačidło, Bautzen - Budyšin, Sachsen, Deutschland"
Neschwitzer Straße,Neschwitz,51.2706603,14.3267475,"Neschwitz - Njeswačidło, Bautzen - Budyšin, Sachsen, 02699, Deutschland"
Thürmsdorfer Straße,Thürmsdorf (Struppen),50.933395,14.0449577,"Thürmsdorf, Struppen, Königstein/Sächs. Schw., Sächsische Schweiz-Osterzgebirge, Sachsen, 01829, Deutschland"
Weißenberger Straße,Weißenberg,51.1968328,14.658726,"Weißenberg, Bautzen - Budyšin, Sachsen, Deutschland"
Krieschendorfer Straße,Krieschendorf,51.0234303,13.8856378,"Krieschendorf, Schönfeld-Weißig, Dresden, Sachsen, 01328, Deutschland"
Zaschendorfer Straße,Zaschendorf,51.0179808,13.9119487,"Zaschendorf, Schönfeld-Weißig, Dresden, Sachsen, 01328, Deutschland"
Crostauer Weg,Crostau,51.0833,14.4499999,"Crostau, Schirgiswalde-Kirschau, Bautzen - Budyšin, Sachsen, Deutschland"
Pillnitzer Landstraße,Pillnitz,51.0126628,13.8713801,"Pillnitz, Loschwitz, Dresden, Sachsen, 01259, Deutschland"
Radeberger Straße (LB),Radeberg,51.1151413,13.9175257,"Radeberg, Bautzen - Budyšin, Sachsen, 01454, Deutschland"
Laubegaster Straße,Laubegast,51.0233708,13.8379982,"Laubegast, Leuben, Dresden, Sachsen, 01279, Deutschland"
Malschendorfer Straße,Malschendorf (Dresden),51.026096,13.8829907,"Malschendorf, Schönfeld-Weißig, Dresden, Sachsen, 01328, Deutschland"
Pappritzer Weg,Pappritz,51.038152,13.8539764,"Pappritz, Schönfeld-Weißig, Dresden, Sachsen, 01328, Deutschland"
Wilthener Straße,Posen,52.4006632,16.9197326,"Poznań, powiat poznański, województwo wielkopolskie, Polska"
Altrochwitz,Rochwitz,51.0494617,13.844271,"Rochwitz, Loschwitz, Dresden, Sachsen, 01324, Deutschland"
Weißiger Straße ,Weißig,51.0611241,13.8846225,"Weißig, Schönfeld-Weißig, Dresden, Sachsen, Deutschland"
Bühlauer Straße,Bühlau,51.0625884,13.8511298,"Bühlau, Loschwitz, Dresden, Sachsen, 01324, Deutschland"
Sohlander Straße,Sohland an der Spree,51.0480913,14.427963,"Sohland an der Spree, Bautzen - Budyšin, Sachsen, 02689, Deutschland"
Rochwitzer Weg,Rochwitz,51.0494617,13.844271,"Rochwitz, Loschwitz, Dresden, Sachsen, 01324, Deutschland"
Gönnsdorfer Straße,Gönnsdorf,51.0482056,13.86893,"Gönnsdorf, Schönfeld-Weißig, Dresden, Sachsen, 01328, Deutschland"
Milkeler Straße,Milkel,51.2986316,14.4566538,"Milkel - Minakał, Radibor - Radwor, Bautzen - Budyšin, Sachsen, Deutschland"
Königsberger Straße,Königsberg,54.7046485,20.4565666,"городской округ Калининград, Калининградская область, Северо-Западный федеральный округ, Россия"
Pappritzer Straße,Pappritz,51.038152,13.8539764,"Pappritz, Schönfeld-Weißig, Dresden, Sachsen, 01328, Deutschland"
Meußlitzer Straße,Meußlitz,50.9973863,13.8551618,"Meußlitz, Leuben, Dresden, Sachsen, 01259, Deutschland"
Wehrsdorfer Straße,Wehrsdorf (Sohland a. d. Spree),51.0551856,14.3895943,"Wehrsdorf, Sohland an der Spree, Bautzen - Budyšin, Sachsen, 02689, Deutschland"
Schönborner Straße,Schönborn (Dresden),51.1465332,13.8613321,"Schönborn, Dresden, Sachsen, Deutschland"
Altkleinzschachwitz,Kleinzschachwitz,51.009631,13.854418,"Kleinzschachwitz, Leuben, Dresden, Sachsen, 01259, Deutschland"
Kirschauer Straße,Kirschau (Schirgiswalde-Kirschau),51.0921642,14.4251966,"Kirschau, Schirgiswalde-Kirschau, Bautzen - Budyšin, Sachsen, 02681, Deutschland"
Neukircher Straße,Neukirch/Lausitz,51.0974143,14.2975952,"Neukirch/Lausitz, Bautzen - Budyšin, Sachsen, 01904, Deutschland"
Altsporbitz,Sporbitz,50.9937401,13.8502349,"Sporbitz, Leuben, Dresden, Sachsen, 01259, Deutschland"
Rockauer Straße,Rockau,51.0278281,13.8648317,"Rockau, Schönfeld-Weißig, Dresden, Sachsen, 01326, Deutschland"
Zschierener Straße,Zschieren,50.9918571,13.8750001,"Zschieren, Leuben, Dresden, Sachsen, 01259, Deutschland"
Großschönauer Straße,Großschönau,50.8965344,14.6612911,"Großschönau, Großschönau-Hainewalde, Görlitz, Sachsen, Deutschland"
Sporbitzer Ring,Sporbitz,50.9937401,13.8502349,"Sporbitz, Leuben, Dresden, Sachsen, 01259, Deutschland"
Oppacher Straße,Oppach,51.0584736,14.5049458,"Oppach, Oppach-Beiersdorf, Görlitz, Sachsen, Deutschland"
Gnaschwitzer Straße,Gnaschwitz,51.1474116,14.3698075,"Gnaschwitz - Hnašecy, Doberschau-Gaußig - Dobruša-Huska, Bautzen - Budyšin, Sachsen, Deutschland"
Hosterwitzer Straße,Hosterwitz,51.0145851,13.8630803,"Hosterwitz, Loschwitz, Dresden, Sachsen, 01259, Deutschland"
Kleinzschachwitzer Ufer,Kleinzschachwitz,51.009631,13.854418,"Kleinzschachwitz, Leuben, Dresden, Sachsen, 01259, Deutschland"
Ostritzer Straße,Ostritz,51.014934,14.9327975,"Ostritz, Görlitz, Sachsen, 02899, Deutschland"
Cunewalder Straße,Cunewalde,51.098481,14.514475,"Cunewalde, Bautzen - Budyšin, Sachsen, 02733, Deutschland"
Taubenheimer Straße,Taubenheim/Spree,51.0436335,14.4805027,"Taubenheim/Spree, Sohland an der Spree, Bautzen - Budyšin, Sachsen, 02736, Deutschland"
Oybiner Straße,Oybin,50.8420861,14.74301,"Oybin, Olbersdorf, Görlitz, Sachsen, 02797, Deutschland"
Olbersdorfer Straße,Olbersdorf (Sachsen),50.8700733,14.7631229,"Olbersdorf, Görlitz, Sachsen, 02785, Deutschland"
Sporbitzer Straße,Sporbitz (Dresden),50.9937401,13.8502349,"Sporbitz, Leuben, Dresden, Sachsen, 01259, Deutschland"
Ullersdorfer Platz,Ullersdorf (Radeberg),51.0820308,13.9024087,"Ullersdorf, Radeberg, Bautzen - Budyšin, Sachsen, 01454, Deutschland"
Lückendorfer Straße,Lückendorf,50.830479,14.7628123,"Lückendorf, Oybin, Olbersdorf, Görlitz, Sachsen, Deutschland"
Hainewalder Straße,Hainewalde,50.9101231,14.7040523,"Hainewalde, Großschönau-Hainewalde, Görlitz, Sachsen, Deutschland"
Liegauer Straße (LB),Liegau (Radeberg),51.1392375,13.8875958,"Liegau-Augustusbad, Radeberg, Bautzen - Budyšin, Sachsen, 01454, Deutschland"
Rochwitzer Straße,Rochwitz,51.0494617,13.844271,"Rochwitz, Loschwitz, Dresden, Sachsen, 01324, Deutschland"
Ullersdorf-Langebrücker Straße,Langebrück,51.1313939,13.8409193,"Langebrück, Dresden, Sachsen, 01465, Deutschland"
Lomnitzer Straße,Lomnitz (Wachau),51.1909087,13.8950359,"Lomnitz, Wachau, Bautzen - Budyšin, Sachsen, 01454, Deutschland"
Eschdorfer Weg,Eschdorf (Dresden),51.0367904,13.9421865,"Eschdorf, Schönfeld-Weißig, Dresden, Sachsen, 01328, Deutschland"
Krippener Straße,Krippen (Bad Schandau),50.9054619,14.1651869,"Krippen, Bad Schandau, Sächsische Schweiz-Osterzgebirge, Sachsen, 01814, Deutschland"
Grünberger Straße (SB),Grünberg (Ottendorf-Okrilla),51.1627611,13.8400805,"Grünberg, Ottendorf-Okrilla, Bautzen - Budyšin, Sachsen, Deutschland"
Ullersdorfer Straße,Ullersdorf (Radeberg),51.0820308,13.9024087,"Ullersdorf, Radeberg, Bautzen - Budyšin, Sachsen, 01454, Deutschland"
Leppersdorfer Straße,Leppersdorf (Wachau),51.1505848,13.9581607,"Leppersdorf, Wachau, Bautzen - Budyšin, Sachsen, Deutschland"
Rossendorfer Straße,Rossendorf,51.0570468,13.9390639,"Rossendorf, Schönfeld-Weißig, Dresden, Sachsen, Deutschland"
Quohrener Straße,Quohren,50.9468493,13.7271833,"Quohren, Kreischa, Sächsische Schweiz-Osterzgebirge, Sachsen, 01731, Deutschland"
Wachauer Straße,Wachau (Sachsen),51.1624368,13.9062996,"Wachau, Bautzen - Budyšin, Sachsen, Deutschland"
Lotzdorfer Straße,Lotzdorf,51.1278999,13.9072405,"Lotzdorf, Liegau-Augustusbad, Radeberg, Bautzen - Budyšin, Sachsen, 01454, Deutschland"
Liegauer Straße,Liegau (Radeberg),51.1392375,13.8875958,"Liegau-Augustusbad, Radeberg, Bautzen - Budyšin, Sachsen, 01454, Deutschland"
Struppener Straße,Struppen,50.9355625,14.0104997,"Struppen, Königstein/Sächs. Schw., Sächsische Schweiz-Osterzgebirge, Sachsen, Deutschland"
Dresdner Straße,Dresden,51.0493286,13.7381437,"Dresden, Sachsen, Deutschland"
Langebrücker Straße (SB),Langebrück,51.1313939,13.8409193,"Langebrück, Dresden, Sachsen, 01465, Deutschland"
Eschdorfer Straße,Eschdorf (Dresden),51.0367904,13.9421865,"Eschdorf, Schönfeld-Weißig, Dresden, Sachsen, 01328, Deutschland"
Am Helfenberger Park,Helfenberg (Schönfeld-Weißig),51.0371873,13.8651519,"Helfenberg, Schönfeld-Weißig, Dresden, Sachsen, 01328, Deutschland"
Eichbuschweg,Eichbusch,51.0322753,13.8774409,"Eichbusch, Schönfeld-Weißig, Dresden, Sachsen, 01328, Deutschland"
Pappritzer Straße (SW),Pappritz,51.038152,13.8539764,"Pappritz, Schönfeld-Weißig, Dresden, Sachsen, 01328, Deutschland"
Tronitzer Straße,Tronitz (Dohna),50.9438934,13.8179174,"Tronitz, Dohna, Dohna-Müglitztal, Sächsische Schweiz-Osterzgebirge, Sachsen, 01809, Deutschland"
Erkmannsdorfer Straße,Großerkmannsdorf (Radeberg),51.0846975,13.9288505,"Großerkmannsdorf, Radeberg, Bautzen - Budyšin, Sachsen, 01454, Deutschland"
Neudecker Straße,Ogrodzieniec (Kisielice),53.6029269,19.3147564,"Ogrodzieniec, gmina Kisielice, powiat iławski, województwo warmińsko-mazurskie, Polska"
Langenauer Weg,Łęgowo,52.7886213,17.1693377,"Łęgowo, gmina Wągrowiec, powiat wągrowiecki, województwo wielkopolskie, 62-100, Polska"
Rockauer Ring,Rockau,51.0278281,13.8648317,"Rockau, Schönfeld-Weißig, Dresden, Sachsen, 01326, Deutschland"
Weixdorfer Weg,Weixdorf,51.1528007,13.7916658,"Weixdorf, Dresden, Sachsen, 01108, Deutschland"
Weißiger Weg,Weißig,51.0611241,13.8846225,"Weißig, Schönfeld-Weißig, Dresden, Sachsen, Deutschland"
Schönfelder Landstraße,Schönfeld (Dresden),51.0337041,13.8948846,"Schönfeld, Schönfeld-Weißig, Dresden, Sachsen, 01328, Deutschland"
Reitzendorfer Straße,Reitzendorf,51.0253099,13.9039904,"Reitzendorf, Schönfeld-Weißig, Dresden, Sachsen, 01328, Deutschland"
Cunnersdorfer Weg,Cunnersdorf,51.0434199,13.8779892,"Cunnersdorf, Schönfeld-Weißig, Dresden, Sachsen, 01328, Deutschland"
Liegauer Straße (SB),Liegau (Radeberg),51.1392375,13.8875958,"Liegau-Augustusbad, Radeberg, Bautzen - Budyšin, Sachsen, 01454, Deutschland"
Gadelsdorfer Weg,Gönnsdorf (Dresden),51.0482056,13.86893,"Gönnsdorf, Schönfeld-Weißig, Dresden, Sachsen, 01328, Deutschland"
Trieskestraße,Dohna,50.955232,13.8587012,"Dohna, Dohna-Müglitztal, Sächsische Schweiz-Osterzgebirge, Sachsen, 01809, Deutschland"
Seifersdorfer Straße (SB),Seifersdorf (Wachau),51.1587833,13.882655,"Seifersdorf, Wachau, Bautzen - Budyšin, Sachsen, 01454, Deutschland"
Helfenberger Weg,Helfenberg,48.5426689,14.1422094,"Helfenberg, Bezirk Rohrbach, Oberösterreich, 4184, Österreich"
Copitzer Straße,Copitz (Pirna),50.9624975,13.9284294,"Pirna, Bahnhofstraße, Copitz, Pirna, Sächsische Schweiz-Osterzgebirge, Sachsen, 01796, Deutschland"
Ullersdorfer Landstraße,Ullersdorf (Radeberg),51.0820308,13.9024087,"Ullersdorf, Radeberg, Bautzen - Budyšin, Sachsen, 01454, Deutschland"
Eichbuscher Straße,Eichbusch,51.0322753,13.8774409,"Eichbusch, Schönfeld-Weißig, Dresden, Sachsen, 01328, Deutschland"
Pillnitzer Platz,Pillnitz,51.0126628,13.8713801,"Pillnitz, Loschwitz, Dresden, Sachsen, 01259, Deutschland"
Gönnsdorfer Straße (SW),Gönnsdorf,51.0482056,13.86893,"Gönnsdorf, Schönfeld-Weißig, Dresden, Sachsen, 01328, Deutschland"
Am Pillnitzberg,Pillnitz,51.0126628,13.8713801,"Pillnitz, Loschwitz, Dresden, Sachsen, 01259, Deutschland"
Alter Eichbuscher Weg,Eichbusch,51.0322753,13.8774409,"Eichbusch, Schönfeld-Weißig, Dresden, Sachsen, 01328, Deutschland"
Eichbuscher Ring,Eichbusch,51.0322753,13.8774409,"Eichbusch, Schönfeld-Weißig, Dresden, Sachsen, 01328, Deutschland"
Weißiger Landstraße,Weißig,51.0611241,13.8846225,"Weißig, Schönfeld-Weißig, Dresden, Sachsen, Deutschland"
Eichbuschweg (SW),Eichbusch,51.0322753,13.8774409,"Eichbusch, Schönfeld-Weißig, Dresden, Sachsen, 01328, Deutschland"
Söbrigener Straße,Söbrigen,50.9941457,13.8828156,"Söbrigen, Loschwitz, Dresden, Sachsen, 01259, Deutschland"
Altsöbrigen,Söbrigen,50.9941457,13.8828156,"Söbrigen, Loschwitz, Dresden, Sachsen, 01259, Deutschland"
Wünschendorfer Straße,Wünschendorf (Dürrröhrsdorf-Dittersbach),51.0174197,13.9542244,"Wünschendorf, Dürrröhrsdorf-Dittersbach, Sächsische Schweiz-Osterzgebirge, Sachsen, Deutschland"
Cunnersdorfer Straße (SW),Cunnersdorf,51.0434199,13.8779892,"Cunnersdorf, Schönfeld-Weißig, Dresden, Sachsen, 01328, Deutschland"
Gönnsdorfer Weg,Gönnsdorf,51.0482056,13.86893,"Gönnsdorf, Schönfeld-Weißig, Dresden, Sachsen, 01328, Deutschland"
Bonnewitzer Weg,Bonnewitz (Pirna),51.0060776,13.9444764,"Bonnewitz, Graupa, Pirna, Sächsische Schweiz-Osterzgebirge, Sachsen, 01796, Deutschland"
Krieschendorfer Straße (SW),Krieschendorf,51.0234303,13.8856378,"Krieschendorf, Schönfeld-Weißig, Dresden, Sachsen, 01328, Deutschland"
Radeberger Straße (SW),Radeberg,51.1151413,13.9175257,"Radeberg, Bautzen - Budyšin, Sachsen, 01454, Deutschland"
Schönfelder Straße (SW),Schönfeld (Dresden),51.0337041,13.8948846,"Schönfeld, Schönfeld-Weißig, Dresden, Sachsen, 01328, Deutschland"
Bautzner Landstraße,Bautzen,51.1809132,14.4276003,"Bautzen, Bautzen - Budyšin, Sachsen, 02625, Deutschland"
Oberpoyritzer Straße,Oberpoyritz,51.0028442,13.8954496,"Oberpoyritz, Loschwitz, Dresden, Sachsen, 01328, Deutschland"
Malschendorfer Straße (SW),Malschendorf (Dresden),51.026096,13.8829907,"Malschendorf, Schönfeld-Weißig, Dresden, Sachsen, 01328, Deutschland"
Lohmener Straße,Lohmen,53.6832626,12.0951429,"Lohmen, Güstrow-Land, Landkreis Rostock, Mecklenburg-Vorpommern, Deutschland"
Reitzendorfer Weg,Reitzendorf,51.0253099,13.9039904,"Reitzendorf, Schönfeld-Weißig, Dresden, Sachsen, 01328, Deutschland"
Pillnitzer Straße (SW),Pillnitz,51.0126628,13.8713801,"Pillnitz, Loschwitz, Dresden, Sachsen, 01259, Deutschland"
Ullersdorfer Hauptstraße,Ullersdorf (Radeberg),51.0820308,13.9024087,"Ullersdorf, Radeberg, Bautzen - Budyšin, Sachsen, 01454, Deutschland"
Graupaer Straße,Graupa (Pirna),50.9996946,13.9196596,"Graupa, Pirna, Sächsische Schweiz-Osterzgebirge, Sachsen, Deutschland"
Zaschendorfer Straße (SW),Zaschendorf,51.0179808,13.9119487,"Zaschendorf, Schönfeld-Weißig, Dresden, Sachsen, 01328, Deutschland"
Schullwitzer Straße,Schullwitz,51.040159,13.920996,"Schullwitz, Schönfeld-Weißig, Dresden, Sachsen, 01328, Deutschland"
Weißiger Straße (SW),Weißig,51.0611241,13.8846225,"Weißig, Schönfeld-Weißig, Dresden, Sachsen, Deutschland"
Bühlauer Straße (SW),Bühlau,51.0625884,13.8511298,"Bühlau, Loschwitz, Dresden, Sachsen, 01324, Deutschland"
Rossendorfer Straße (SW),Rossendorf,51.0570468,13.9390639,"Rossendorf, Schönfeld-Weißig, Dresden, Sachsen, Deutschland"
Eschdorfer Bergstraße,Eschdorf (Dresden),51.0367904,13.9421865,"Eschdorf, Schönfeld-Weißig, Dresden, Sachsen, 01328, Deutschland"
Radeberger Landstraße (SW),Radeberg,51.1151413,13.9175257,"Radeberg, Bautzen - Budyšin, Sachsen, 01454, Deutschland"
Alter Rossendorfer Weg,Rossendorf,51.0570468,13.9390639,"Rossendorf, Schönfeld-Weißig, Dresden, Sachsen, Deutschland"
Rossendorfer Ring,Rossendorf,51.0570468,13.9390639,"Rossendorf, Schönfeld-Weißig, Dresden, Sachsen, Deutschland"
Pirnaer Straße,Pirna,50.9616923,13.9386643,"Pirna, Sächsische Schweiz-Osterzgebirge, Sachsen, 01796, Deutschland"
Dittersbacher Straße,Dittersbach (Dürrröhrsdorf-Dittersbach),51.0378088,13.9857026,"Dittersbach, Dürrröhrsdorf-Dittersbach, Sächsische Schweiz-Osterzgebirge, Sachsen, Deutschland"
Rosinendörfchen,Rosinendörfchen,51.0375435,13.9585307,"Rosinendörfchen, Schönfeld/Schullwitz, Eschdorf, Schönfeld-Weißig, Dresden, Sachsen, 01328, Deutschland"
Am Ostravorwerk,Ostravorwerk,51.0612474,13.7160642,"ehem. Ostravorwerk, Friedrichstadt, Altstadt, Dresden, Sachsen, 01067, Deutschland"
